Name,File Name,Style,File
account book,account-book.svg,filled,https://wentin.github.io/ant-design-icons/packages/icons-svg/svg/filled/account-book.svg
alert,alert.svg,filled,https://wentin.github.io/ant-design-icons/packages/icons-svg/svg/filled/alert.svg
alipay circle,alipay-circle.svg,filled,https://wentin.github.io/ant-design-icons/packages/icons-svg/svg/filled/alipay-circle.svg
alipay square,alipay-square.svg,filled,https://wentin.github.io/ant-design-icons/packages/icons-svg/svg/filled/alipay-square.svg
aliwangwang,aliwangwang.svg,filled,https://wentin.github.io/ant-design-icons/packages/icons-svg/svg/filled/aliwangwang.svg
amazon circle,amazon-circle.svg,filled,https://wentin.github.io/ant-design-icons/packages/icons-svg/svg/filled/amazon-circle.svg
amazon square,amazon-square.svg,filled,https://wentin.github.io/ant-design-icons/packages/icons-svg/svg/filled/amazon-square.svg
android,android.svg,filled,https://wentin.github.io/ant-design-icons/packages/icons-svg/svg/filled/android.svg
api,api.svg,filled,https://wentin.github.io/ant-design-icons/packages/icons-svg/svg/filled/api.svg
apple,apple.svg,filled,https://wentin.github.io/ant-design-icons/packages/icons-svg/svg/filled/apple.svg
appstore,appstore.svg,filled,https://wentin.github.io/ant-design-icons/packages/icons-svg/svg/filled/appstore.svg
audio,audio.svg,filled,https://wentin.github.io/ant-design-icons/packages/icons-svg/svg/filled/audio.svg
backward,backward.svg,filled,https://wentin.github.io/ant-design-icons/packages/icons-svg/svg/filled/backward.svg
bank,bank.svg,filled,https://wentin.github.io/ant-design-icons/packages/icons-svg/svg/filled/bank.svg
behance circle,behance-circle.svg,filled,https://wentin.github.io/ant-design-icons/packages/icons-svg/svg/filled/behance-circle.svg
behance square,behance-square.svg,filled,https://wentin.github.io/ant-design-icons/packages/icons-svg/svg/filled/behance-square.svg
bell,bell.svg,filled,https://wentin.github.io/ant-design-icons/packages/icons-svg/svg/filled/bell.svg
book,book.svg,filled,https://wentin.github.io/ant-design-icons/packages/icons-svg/svg/filled/book.svg
box plot,box-plot.svg,filled,https://wentin.github.io/ant-design-icons/packages/icons-svg/svg/filled/box-plot.svg
bug,bug.svg,filled,https://wentin.github.io/ant-design-icons/packages/icons-svg/svg/filled/bug.svg
build,build.svg,filled,https://wentin.github.io/ant-design-icons/packages/icons-svg/svg/filled/build.svg
bulb,bulb.svg,filled,https://wentin.github.io/ant-design-icons/packages/icons-svg/svg/filled/bulb.svg
calculator,calculator.svg,filled,https://wentin.github.io/ant-design-icons/packages/icons-svg/svg/filled/calculator.svg
calendar,calendar.svg,filled,https://wentin.github.io/ant-design-icons/packages/icons-svg/svg/filled/calendar.svg
camera,camera.svg,filled,https://wentin.github.io/ant-design-icons/packages/icons-svg/svg/filled/camera.svg
car,car.svg,filled,https://wentin.github.io/ant-design-icons/packages/icons-svg/svg/filled/car.svg
caret down,caret-down.svg,filled,https://wentin.github.io/ant-design-icons/packages/icons-svg/svg/filled/caret-down.svg
caret left,caret-left.svg,filled,https://wentin.github.io/ant-design-icons/packages/icons-svg/svg/filled/caret-left.svg
caret right,caret-right.svg,filled,https://wentin.github.io/ant-design-icons/packages/icons-svg/svg/filled/caret-right.svg
caret up,caret-up.svg,filled,https://wentin.github.io/ant-design-icons/packages/icons-svg/svg/filled/caret-up.svg
carry out,carry-out.svg,filled,https://wentin.github.io/ant-design-icons/packages/icons-svg/svg/filled/carry-out.svg
check circle,check-circle.svg,filled,https://wentin.github.io/ant-design-icons/packages/icons-svg/svg/filled/check-circle.svg
check square,check-square.svg,filled,https://wentin.github.io/ant-design-icons/packages/icons-svg/svg/filled/check-square.svg
chrome,chrome.svg,filled,https://wentin.github.io/ant-design-icons/packages/icons-svg/svg/filled/chrome.svg
ci circle,ci-circle.svg,filled,https://wentin.github.io/ant-design-icons/packages/icons-svg/svg/filled/ci-circle.svg
clock circle,clock-circle.svg,filled,https://wentin.github.io/ant-design-icons/packages/icons-svg/svg/filled/clock-circle.svg
close circle,close-circle.svg,filled,https://wentin.github.io/ant-design-icons/packages/icons-svg/svg/filled/close-circle.svg
close square,close-square.svg,filled,https://wentin.github.io/ant-design-icons/packages/icons-svg/svg/filled/close-square.svg
cloud,cloud.svg,filled,https://wentin.github.io/ant-design-icons/packages/icons-svg/svg/filled/cloud.svg
code sandbox circle,code-sandbox-circle.svg,filled,https://wentin.github.io/ant-design-icons/packages/icons-svg/svg/filled/code-sandbox-circle.svg
code sandbox square,code-sandbox-square.svg,filled,https://wentin.github.io/ant-design-icons/packages/icons-svg/svg/filled/code-sandbox-square.svg
code,code.svg,filled,https://wentin.github.io/ant-design-icons/packages/icons-svg/svg/filled/code.svg
codepen circle,codepen-circle.svg,filled,https://wentin.github.io/ant-design-icons/packages/icons-svg/svg/filled/codepen-circle.svg
codepen square,codepen-square.svg,filled,https://wentin.github.io/ant-design-icons/packages/icons-svg/svg/filled/codepen-square.svg
compass,compass.svg,filled,https://wentin.github.io/ant-design-icons/packages/icons-svg/svg/filled/compass.svg
contacts,contacts.svg,filled,https://wentin.github.io/ant-design-icons/packages/icons-svg/svg/filled/contacts.svg
container,container.svg,filled,https://wentin.github.io/ant-design-icons/packages/icons-svg/svg/filled/container.svg
control,control.svg,filled,https://wentin.github.io/ant-design-icons/packages/icons-svg/svg/filled/control.svg
copy,copy.svg,filled,https://wentin.github.io/ant-design-icons/packages/icons-svg/svg/filled/copy.svg
copyright circle,copyright-circle.svg,filled,https://wentin.github.io/ant-design-icons/packages/icons-svg/svg/filled/copyright-circle.svg
credit card,credit-card.svg,filled,https://wentin.github.io/ant-design-icons/packages/icons-svg/svg/filled/credit-card.svg
crown,crown.svg,filled,https://wentin.github.io/ant-design-icons/packages/icons-svg/svg/filled/crown.svg
customer service,customer-service.svg,filled,https://wentin.github.io/ant-design-icons/packages/icons-svg/svg/filled/customer-service.svg
dashboard,dashboard.svg,filled,https://wentin.github.io/ant-design-icons/packages/icons-svg/svg/filled/dashboard.svg
database,database.svg,filled,https://wentin.github.io/ant-design-icons/packages/icons-svg/svg/filled/database.svg
delete,delete.svg,filled,https://wentin.github.io/ant-design-icons/packages/icons-svg/svg/filled/delete.svg
diff,diff.svg,filled,https://wentin.github.io/ant-design-icons/packages/icons-svg/svg/filled/diff.svg
dingtalk circle,dingtalk-circle.svg,filled,https://wentin.github.io/ant-design-icons/packages/icons-svg/svg/filled/dingtalk-circle.svg
dingtalk square,dingtalk-square.svg,filled,https://wentin.github.io/ant-design-icons/packages/icons-svg/svg/filled/dingtalk-square.svg
dislike,dislike.svg,filled,https://wentin.github.io/ant-design-icons/packages/icons-svg/svg/filled/dislike.svg
dollar circle,dollar-circle.svg,filled,https://wentin.github.io/ant-design-icons/packages/icons-svg/svg/filled/dollar-circle.svg
down circle,down-circle.svg,filled,https://wentin.github.io/ant-design-icons/packages/icons-svg/svg/filled/down-circle.svg
down square,down-square.svg,filled,https://wentin.github.io/ant-design-icons/packages/icons-svg/svg/filled/down-square.svg
dribbble circle,dribbble-circle.svg,filled,https://wentin.github.io/ant-design-icons/packages/icons-svg/svg/filled/dribbble-circle.svg
dribbble square,dribbble-square.svg,filled,https://wentin.github.io/ant-design-icons/packages/icons-svg/svg/filled/dribbble-square.svg
dropbox circle,dropbox-circle.svg,filled,https://wentin.github.io/ant-design-icons/packages/icons-svg/svg/filled/dropbox-circle.svg
dropbox square,dropbox-square.svg,filled,https://wentin.github.io/ant-design-icons/packages/icons-svg/svg/filled/dropbox-square.svg
edit,edit.svg,filled,https://wentin.github.io/ant-design-icons/packages/icons-svg/svg/filled/edit.svg
environment,environment.svg,filled,https://wentin.github.io/ant-design-icons/packages/icons-svg/svg/filled/environment.svg
euro circle,euro-circle.svg,filled,https://wentin.github.io/ant-design-icons/packages/icons-svg/svg/filled/euro-circle.svg
exclamation circle,exclamation-circle.svg,filled,https://wentin.github.io/ant-design-icons/packages/icons-svg/svg/filled/exclamation-circle.svg
experiment,experiment.svg,filled,https://wentin.github.io/ant-design-icons/packages/icons-svg/svg/filled/experiment.svg
eye invisible,eye-invisible.svg,filled,https://wentin.github.io/ant-design-icons/packages/icons-svg/svg/filled/eye-invisible.svg
eye,eye.svg,filled,https://wentin.github.io/ant-design-icons/packages/icons-svg/svg/filled/eye.svg
facebook,facebook.svg,filled,https://wentin.github.io/ant-design-icons/packages/icons-svg/svg/filled/facebook.svg
fast backward,fast-backward.svg,filled,https://wentin.github.io/ant-design-icons/packages/icons-svg/svg/filled/fast-backward.svg
fast forward,fast-forward.svg,filled,https://wentin.github.io/ant-design-icons/packages/icons-svg/svg/filled/fast-forward.svg
file add,file-add.svg,filled,https://wentin.github.io/ant-design-icons/packages/icons-svg/svg/filled/file-add.svg
file excel,file-excel.svg,filled,https://wentin.github.io/ant-design-icons/packages/icons-svg/svg/filled/file-excel.svg
file exclamation,file-exclamation.svg,filled,https://wentin.github.io/ant-design-icons/packages/icons-svg/svg/filled/file-exclamation.svg
file image,file-image.svg,filled,https://wentin.github.io/ant-design-icons/packages/icons-svg/svg/filled/file-image.svg
file markdown,file-markdown.svg,filled,https://wentin.github.io/ant-design-icons/packages/icons-svg/svg/filled/file-markdown.svg
file pdf,file-pdf.svg,filled,https://wentin.github.io/ant-design-icons/packages/icons-svg/svg/filled/file-pdf.svg
file ppt,file-ppt.svg,filled,https://wentin.github.io/ant-design-icons/packages/icons-svg/svg/filled/file-ppt.svg
file text,file-text.svg,filled,https://wentin.github.io/ant-design-icons/packages/icons-svg/svg/filled/file-text.svg
file unknown,file-unknown.svg,filled,https://wentin.github.io/ant-design-icons/packages/icons-svg/svg/filled/file-unknown.svg
file word,file-word.svg,filled,https://wentin.github.io/ant-design-icons/packages/icons-svg/svg/filled/file-word.svg
file zip,file-zip.svg,filled,https://wentin.github.io/ant-design-icons/packages/icons-svg/svg/filled/file-zip.svg
file,file.svg,filled,https://wentin.github.io/ant-design-icons/packages/icons-svg/svg/filled/file.svg
filter,filter.svg,filled,https://wentin.github.io/ant-design-icons/packages/icons-svg/svg/filled/filter.svg
fire,fire.svg,filled,https://wentin.github.io/ant-design-icons/packages/icons-svg/svg/filled/fire.svg
flag,flag.svg,filled,https://wentin.github.io/ant-design-icons/packages/icons-svg/svg/filled/flag.svg
folder add,folder-add.svg,filled,https://wentin.github.io/ant-design-icons/packages/icons-svg/svg/filled/folder-add.svg
folder open,folder-open.svg,filled,https://wentin.github.io/ant-design-icons/packages/icons-svg/svg/filled/folder-open.svg
folder,folder.svg,filled,https://wentin.github.io/ant-design-icons/packages/icons-svg/svg/filled/folder.svg
format painter,format-painter.svg,filled,https://wentin.github.io/ant-design-icons/packages/icons-svg/svg/filled/format-painter.svg
forward,forward.svg,filled,https://wentin.github.io/ant-design-icons/packages/icons-svg/svg/filled/forward.svg
frown,frown.svg,filled,https://wentin.github.io/ant-design-icons/packages/icons-svg/svg/filled/frown.svg
fund,fund.svg,filled,https://wentin.github.io/ant-design-icons/packages/icons-svg/svg/filled/fund.svg
funnel plot,funnel-plot.svg,filled,https://wentin.github.io/ant-design-icons/packages/icons-svg/svg/filled/funnel-plot.svg
gift,gift.svg,filled,https://wentin.github.io/ant-design-icons/packages/icons-svg/svg/filled/gift.svg
github,github.svg,filled,https://wentin.github.io/ant-design-icons/packages/icons-svg/svg/filled/github.svg
gitlab,gitlab.svg,filled,https://wentin.github.io/ant-design-icons/packages/icons-svg/svg/filled/gitlab.svg
gold,gold.svg,filled,https://wentin.github.io/ant-design-icons/packages/icons-svg/svg/filled/gold.svg
golden,golden.svg,filled,https://wentin.github.io/ant-design-icons/packages/icons-svg/svg/filled/golden.svg
google circle,google-circle.svg,filled,https://wentin.github.io/ant-design-icons/packages/icons-svg/svg/filled/google-circle.svg
google plus circle,google-plus-circle.svg,filled,https://wentin.github.io/ant-design-icons/packages/icons-svg/svg/filled/google-plus-circle.svg
google plus square,google-plus-square.svg,filled,https://wentin.github.io/ant-design-icons/packages/icons-svg/svg/filled/google-plus-square.svg
google square,google-square.svg,filled,https://wentin.github.io/ant-design-icons/packages/icons-svg/svg/filled/google-square.svg
hdd,hdd.svg,filled,https://wentin.github.io/ant-design-icons/packages/icons-svg/svg/filled/hdd.svg
heart,heart.svg,filled,https://wentin.github.io/ant-design-icons/packages/icons-svg/svg/filled/heart.svg
highlight,highlight.svg,filled,https://wentin.github.io/ant-design-icons/packages/icons-svg/svg/filled/highlight.svg
home,home.svg,filled,https://wentin.github.io/ant-design-icons/packages/icons-svg/svg/filled/home.svg
hourglass,hourglass.svg,filled,https://wentin.github.io/ant-design-icons/packages/icons-svg/svg/filled/hourglass.svg
html5,html5.svg,filled,https://wentin.github.io/ant-design-icons/packages/icons-svg/svg/filled/html5.svg
idcard,idcard.svg,filled,https://wentin.github.io/ant-design-icons/packages/icons-svg/svg/filled/idcard.svg
ie circle,ie-circle.svg,filled,https://wentin.github.io/ant-design-icons/packages/icons-svg/svg/filled/ie-circle.svg
ie square,ie-square.svg,filled,https://wentin.github.io/ant-design-icons/packages/icons-svg/svg/filled/ie-square.svg
info circle,info-circle.svg,filled,https://wentin.github.io/ant-design-icons/packages/icons-svg/svg/filled/info-circle.svg
instagram,instagram.svg,filled,https://wentin.github.io/ant-design-icons/packages/icons-svg/svg/filled/instagram.svg
insurance,insurance.svg,filled,https://wentin.github.io/ant-design-icons/packages/icons-svg/svg/filled/insurance.svg
interaction,interaction.svg,filled,https://wentin.github.io/ant-design-icons/packages/icons-svg/svg/filled/interaction.svg
layout,layout.svg,filled,https://wentin.github.io/ant-design-icons/packages/icons-svg/svg/filled/layout.svg
left circle,left-circle.svg,filled,https://wentin.github.io/ant-design-icons/packages/icons-svg/svg/filled/left-circle.svg
left square,left-square.svg,filled,https://wentin.github.io/ant-design-icons/packages/icons-svg/svg/filled/left-square.svg
like,like.svg,filled,https://wentin.github.io/ant-design-icons/packages/icons-svg/svg/filled/like.svg
linkedin,linkedin.svg,filled,https://wentin.github.io/ant-design-icons/packages/icons-svg/svg/filled/linkedin.svg
lock,lock.svg,filled,https://wentin.github.io/ant-design-icons/packages/icons-svg/svg/filled/lock.svg
mac command,mac-command.svg,filled,https://wentin.github.io/ant-design-icons/packages/icons-svg/svg/filled/mac-command.svg
mail,mail.svg,filled,https://wentin.github.io/ant-design-icons/packages/icons-svg/svg/filled/mail.svg
medicine box,medicine-box.svg,filled,https://wentin.github.io/ant-design-icons/packages/icons-svg/svg/filled/medicine-box.svg
medium circle,medium-circle.svg,filled,https://wentin.github.io/ant-design-icons/packages/icons-svg/svg/filled/medium-circle.svg
medium square,medium-square.svg,filled,https://wentin.github.io/ant-design-icons/packages/icons-svg/svg/filled/medium-square.svg
meh,meh.svg,filled,https://wentin.github.io/ant-design-icons/packages/icons-svg/svg/filled/meh.svg
message,message.svg,filled,https://wentin.github.io/ant-design-icons/packages/icons-svg/svg/filled/message.svg
minus circle,minus-circle.svg,filled,https://wentin.github.io/ant-design-icons/packages/icons-svg/svg/filled/minus-circle.svg
minus square,minus-square.svg,filled,https://wentin.github.io/ant-design-icons/packages/icons-svg/svg/filled/minus-square.svg
mobile,mobile.svg,filled,https://wentin.github.io/ant-design-icons/packages/icons-svg/svg/filled/mobile.svg
money collect,money-collect.svg,filled,https://wentin.github.io/ant-design-icons/packages/icons-svg/svg/filled/money-collect.svg
notification,notification.svg,filled,https://wentin.github.io/ant-design-icons/packages/icons-svg/svg/filled/notification.svg
pause circle,pause-circle.svg,filled,https://wentin.github.io/ant-design-icons/packages/icons-svg/svg/filled/pause-circle.svg
pay circle,pay-circle.svg,filled,https://wentin.github.io/ant-design-icons/packages/icons-svg/svg/filled/pay-circle.svg
phone,phone.svg,filled,https://wentin.github.io/ant-design-icons/packages/icons-svg/svg/filled/phone.svg
picture,picture.svg,filled,https://wentin.github.io/ant-design-icons/packages/icons-svg/svg/filled/picture.svg
pie chart,pie-chart.svg,filled,https://wentin.github.io/ant-design-icons/packages/icons-svg/svg/filled/pie-chart.svg
play circle,play-circle.svg,filled,https://wentin.github.io/ant-design-icons/packages/icons-svg/svg/filled/play-circle.svg
play square,play-square.svg,filled,https://wentin.github.io/ant-design-icons/packages/icons-svg/svg/filled/play-square.svg
plus circle,plus-circle.svg,filled,https://wentin.github.io/ant-design-icons/packages/icons-svg/svg/filled/plus-circle.svg
plus square,plus-square.svg,filled,https://wentin.github.io/ant-design-icons/packages/icons-svg/svg/filled/plus-square.svg
pound circle,pound-circle.svg,filled,https://wentin.github.io/ant-design-icons/packages/icons-svg/svg/filled/pound-circle.svg
printer,printer.svg,filled,https://wentin.github.io/ant-design-icons/packages/icons-svg/svg/filled/printer.svg
profile,profile.svg,filled,https://wentin.github.io/ant-design-icons/packages/icons-svg/svg/filled/profile.svg
project,project.svg,filled,https://wentin.github.io/ant-design-icons/packages/icons-svg/svg/filled/project.svg
property safety,property-safety.svg,filled,https://wentin.github.io/ant-design-icons/packages/icons-svg/svg/filled/property-safety.svg
pushpin,pushpin.svg,filled,https://wentin.github.io/ant-design-icons/packages/icons-svg/svg/filled/pushpin.svg
qq circle,qq-circle.svg,filled,https://wentin.github.io/ant-design-icons/packages/icons-svg/svg/filled/qq-circle.svg
qq square,qq-square.svg,filled,https://wentin.github.io/ant-design-icons/packages/icons-svg/svg/filled/qq-square.svg
question circle,question-circle.svg,filled,https://wentin.github.io/ant-design-icons/packages/icons-svg/svg/filled/question-circle.svg
read,read.svg,filled,https://wentin.github.io/ant-design-icons/packages/icons-svg/svg/filled/read.svg
reconciliation,reconciliation.svg,filled,https://wentin.github.io/ant-design-icons/packages/icons-svg/svg/filled/reconciliation.svg
red envelope,red-envelope.svg,filled,https://wentin.github.io/ant-design-icons/packages/icons-svg/svg/filled/red-envelope.svg
reddit circle,reddit-circle.svg,filled,https://wentin.github.io/ant-design-icons/packages/icons-svg/svg/filled/reddit-circle.svg
reddit square,reddit-square.svg,filled,https://wentin.github.io/ant-design-icons/packages/icons-svg/svg/filled/reddit-square.svg
rest,rest.svg,filled,https://wentin.github.io/ant-design-icons/packages/icons-svg/svg/filled/rest.svg
right circle,right-circle.svg,filled,https://wentin.github.io/ant-design-icons/packages/icons-svg/svg/filled/right-circle.svg
right square,right-square.svg,filled,https://wentin.github.io/ant-design-icons/packages/icons-svg/svg/filled/right-square.svg
robot,robot.svg,filled,https://wentin.github.io/ant-design-icons/packages/icons-svg/svg/filled/robot.svg
rocket,rocket.svg,filled,https://wentin.github.io/ant-design-icons/packages/icons-svg/svg/filled/rocket.svg
safety certificate,safety-certificate.svg,filled,https://wentin.github.io/ant-design-icons/packages/icons-svg/svg/filled/safety-certificate.svg
save,save.svg,filled,https://wentin.github.io/ant-design-icons/packages/icons-svg/svg/filled/save.svg
schedule,schedule.svg,filled,https://wentin.github.io/ant-design-icons/packages/icons-svg/svg/filled/schedule.svg
security scan,security-scan.svg,filled,https://wentin.github.io/ant-design-icons/packages/icons-svg/svg/filled/security-scan.svg
setting,setting.svg,filled,https://wentin.github.io/ant-design-icons/packages/icons-svg/svg/filled/setting.svg
shop,shop.svg,filled,https://wentin.github.io/ant-design-icons/packages/icons-svg/svg/filled/shop.svg
shopping,shopping.svg,filled,https://wentin.github.io/ant-design-icons/packages/icons-svg/svg/filled/shopping.svg
signal,signal.svg,filled,https://wentin.github.io/ant-design-icons/packages/icons-svg/svg/filled/signal.svg
sketch circle,sketch-circle.svg,filled,https://wentin.github.io/ant-design-icons/packages/icons-svg/svg/filled/sketch-circle.svg
sketch square,sketch-square.svg,filled,https://wentin.github.io/ant-design-icons/packages/icons-svg/svg/filled/sketch-square.svg
skin,skin.svg,filled,https://wentin.github.io/ant-design-icons/packages/icons-svg/svg/filled/skin.svg
skype,skype.svg,filled,https://wentin.github.io/ant-design-icons/packages/icons-svg/svg/filled/skype.svg
slack circle,slack-circle.svg,filled,https://wentin.github.io/ant-design-icons/packages/icons-svg/svg/filled/slack-circle.svg
slack square,slack-square.svg,filled,https://wentin.github.io/ant-design-icons/packages/icons-svg/svg/filled/slack-square.svg
sliders,sliders.svg,filled,https://wentin.github.io/ant-design-icons/packages/icons-svg/svg/filled/sliders.svg
smile,smile.svg,filled,https://wentin.github.io/ant-design-icons/packages/icons-svg/svg/filled/smile.svg
snippets,snippets.svg,filled,https://wentin.github.io/ant-design-icons/packages/icons-svg/svg/filled/snippets.svg
sound,sound.svg,filled,https://wentin.github.io/ant-design-icons/packages/icons-svg/svg/filled/sound.svg
star,star.svg,filled,https://wentin.github.io/ant-design-icons/packages/icons-svg/svg/filled/star.svg
step backward,step-backward.svg,filled,https://wentin.github.io/ant-design-icons/packages/icons-svg/svg/filled/step-backward.svg
step forward,step-forward.svg,filled,https://wentin.github.io/ant-design-icons/packages/icons-svg/svg/filled/step-forward.svg
stop,stop.svg,filled,https://wentin.github.io/ant-design-icons/packages/icons-svg/svg/filled/stop.svg
switcher,switcher.svg,filled,https://wentin.github.io/ant-design-icons/packages/icons-svg/svg/filled/switcher.svg
tablet,tablet.svg,filled,https://wentin.github.io/ant-design-icons/packages/icons-svg/svg/filled/tablet.svg
tag,tag.svg,filled,https://wentin.github.io/ant-design-icons/packages/icons-svg/svg/filled/tag.svg
tags,tags.svg,filled,https://wentin.github.io/ant-design-icons/packages/icons-svg/svg/filled/tags.svg
taobao circle,taobao-circle.svg,filled,https://wentin.github.io/ant-design-icons/packages/icons-svg/svg/filled/taobao-circle.svg
taobao square,taobao-square.svg,filled,https://wentin.github.io/ant-design-icons/packages/icons-svg/svg/filled/taobao-square.svg
thunderbolt,thunderbolt.svg,filled,https://wentin.github.io/ant-design-icons/packages/icons-svg/svg/filled/thunderbolt.svg
tool,tool.svg,filled,https://wentin.github.io/ant-design-icons/packages/icons-svg/svg/filled/tool.svg
trademark circle,trademark-circle.svg,filled,https://wentin.github.io/ant-design-icons/packages/icons-svg/svg/filled/trademark-circle.svg
trophy,trophy.svg,filled,https://wentin.github.io/ant-design-icons/packages/icons-svg/svg/filled/trophy.svg
twitter circle,twitter-circle.svg,filled,https://wentin.github.io/ant-design-icons/packages/icons-svg/svg/filled/twitter-circle.svg
twitter square,twitter-square.svg,filled,https://wentin.github.io/ant-design-icons/packages/icons-svg/svg/filled/twitter-square.svg
unlock,unlock.svg,filled,https://wentin.github.io/ant-design-icons/packages/icons-svg/svg/filled/unlock.svg
up circle,up-circle.svg,filled,https://wentin.github.io/ant-design-icons/packages/icons-svg/svg/filled/up-circle.svg
up square,up-square.svg,filled,https://wentin.github.io/ant-design-icons/packages/icons-svg/svg/filled/up-square.svg
usb,usb.svg,filled,https://wentin.github.io/ant-design-icons/packages/icons-svg/svg/filled/usb.svg
video camera,video-camera.svg,filled,https://wentin.github.io/ant-design-icons/packages/icons-svg/svg/filled/video-camera.svg
wallet,wallet.svg,filled,https://wentin.github.io/ant-design-icons/packages/icons-svg/svg/filled/wallet.svg
warning,warning.svg,filled,https://wentin.github.io/ant-design-icons/packages/icons-svg/svg/filled/warning.svg
wechat,wechat.svg,filled,https://wentin.github.io/ant-design-icons/packages/icons-svg/svg/filled/wechat.svg
weibo circle,weibo-circle.svg,filled,https://wentin.github.io/ant-design-icons/packages/icons-svg/svg/filled/weibo-circle.svg
weibo square,weibo-square.svg,filled,https://wentin.github.io/ant-design-icons/packages/icons-svg/svg/filled/weibo-square.svg
windows,windows.svg,filled,https://wentin.github.io/ant-design-icons/packages/icons-svg/svg/filled/windows.svg
yahoo,yahoo.svg,filled,https://wentin.github.io/ant-design-icons/packages/icons-svg/svg/filled/yahoo.svg
youtube,youtube.svg,filled,https://wentin.github.io/ant-design-icons/packages/icons-svg/svg/filled/youtube.svg
yuque,yuque.svg,filled,https://wentin.github.io/ant-design-icons/packages/icons-svg/svg/filled/yuque.svg
zhihu circle,zhihu-circle.svg,filled,https://wentin.github.io/ant-design-icons/packages/icons-svg/svg/filled/zhihu-circle.svg
zhihu square,zhihu-square.svg,filled,https://wentin.github.io/ant-design-icons/packages/icons-svg/svg/filled/zhihu-square.svg
account book,account-book.svg,outlined,https://wentin.github.io/ant-design-icons/packages/icons-svg/svg/outlined/account-book.svg
aim,aim.svg,outlined,https://wentin.github.io/ant-design-icons/packages/icons-svg/svg/outlined/aim.svg
alert,alert.svg,outlined,https://wentin.github.io/ant-design-icons/packages/icons-svg/svg/outlined/alert.svg
alibaba,alibaba.svg,outlined,https://wentin.github.io/ant-design-icons/packages/icons-svg/svg/outlined/alibaba.svg
align center,align-center.svg,outlined,https://wentin.github.io/ant-design-icons/packages/icons-svg/svg/outlined/align-center.svg
align left,align-left.svg,outlined,https://wentin.github.io/ant-design-icons/packages/icons-svg/svg/outlined/align-left.svg
align right,align-right.svg,outlined,https://wentin.github.io/ant-design-icons/packages/icons-svg/svg/outlined/align-right.svg
alipay circle,alipay-circle.svg,outlined,https://wentin.github.io/ant-design-icons/packages/icons-svg/svg/outlined/alipay-circle.svg
alipay,alipay.svg,outlined,https://wentin.github.io/ant-design-icons/packages/icons-svg/svg/outlined/alipay.svg
aliwangwang,aliwangwang.svg,outlined,https://wentin.github.io/ant-design-icons/packages/icons-svg/svg/outlined/aliwangwang.svg
aliyun,aliyun.svg,outlined,https://wentin.github.io/ant-design-icons/packages/icons-svg/svg/outlined/aliyun.svg
amazon,amazon.svg,outlined,https://wentin.github.io/ant-design-icons/packages/icons-svg/svg/outlined/amazon.svg
android,android.svg,outlined,https://wentin.github.io/ant-design-icons/packages/icons-svg/svg/outlined/android.svg
ant cloud,ant-cloud.svg,outlined,https://wentin.github.io/ant-design-icons/packages/icons-svg/svg/outlined/ant-cloud.svg
ant design,ant-design.svg,outlined,https://wentin.github.io/ant-design-icons/packages/icons-svg/svg/outlined/ant-design.svg
apartment,apartment.svg,outlined,https://wentin.github.io/ant-design-icons/packages/icons-svg/svg/outlined/apartment.svg
api,api.svg,outlined,https://wentin.github.io/ant-design-icons/packages/icons-svg/svg/outlined/api.svg
apple,apple.svg,outlined,https://wentin.github.io/ant-design-icons/packages/icons-svg/svg/outlined/apple.svg
appstore add,appstore-add.svg,outlined,https://wentin.github.io/ant-design-icons/packages/icons-svg/svg/outlined/appstore-add.svg
appstore,appstore.svg,outlined,https://wentin.github.io/ant-design-icons/packages/icons-svg/svg/outlined/appstore.svg
area chart,area-chart.svg,outlined,https://wentin.github.io/ant-design-icons/packages/icons-svg/svg/outlined/area-chart.svg
arrow down,arrow-down.svg,outlined,https://wentin.github.io/ant-design-icons/packages/icons-svg/svg/outlined/arrow-down.svg
arrow left,arrow-left.svg,outlined,https://wentin.github.io/ant-design-icons/packages/icons-svg/svg/outlined/arrow-left.svg
arrow right,arrow-right.svg,outlined,https://wentin.github.io/ant-design-icons/packages/icons-svg/svg/outlined/arrow-right.svg
arrow up,arrow-up.svg,outlined,https://wentin.github.io/ant-design-icons/packages/icons-svg/svg/outlined/arrow-up.svg
arrows alt,arrows-alt.svg,outlined,https://wentin.github.io/ant-design-icons/packages/icons-svg/svg/outlined/arrows-alt.svg
audio muted,audio-muted.svg,outlined,https://wentin.github.io/ant-design-icons/packages/icons-svg/svg/outlined/audio-muted.svg
audio,audio.svg,outlined,https://wentin.github.io/ant-design-icons/packages/icons-svg/svg/outlined/audio.svg
audit,audit.svg,outlined,https://wentin.github.io/ant-design-icons/packages/icons-svg/svg/outlined/audit.svg
backward,backward.svg,outlined,https://wentin.github.io/ant-design-icons/packages/icons-svg/svg/outlined/backward.svg
bank,bank.svg,outlined,https://wentin.github.io/ant-design-icons/packages/icons-svg/svg/outlined/bank.svg
bar chart,bar-chart.svg,outlined,https://wentin.github.io/ant-design-icons/packages/icons-svg/svg/outlined/bar-chart.svg
barcode,barcode.svg,outlined,https://wentin.github.io/ant-design-icons/packages/icons-svg/svg/outlined/barcode.svg
bars,bars.svg,outlined,https://wentin.github.io/ant-design-icons/packages/icons-svg/svg/outlined/bars.svg
behance square,behance-square.svg,outlined,https://wentin.github.io/ant-design-icons/packages/icons-svg/svg/outlined/behance-square.svg
behance,behance.svg,outlined,https://wentin.github.io/ant-design-icons/packages/icons-svg/svg/outlined/behance.svg
bell,bell.svg,outlined,https://wentin.github.io/ant-design-icons/packages/icons-svg/svg/outlined/bell.svg
bg colors,bg-colors.svg,outlined,https://wentin.github.io/ant-design-icons/packages/icons-svg/svg/outlined/bg-colors.svg
block,block.svg,outlined,https://wentin.github.io/ant-design-icons/packages/icons-svg/svg/outlined/block.svg
bold,bold.svg,outlined,https://wentin.github.io/ant-design-icons/packages/icons-svg/svg/outlined/bold.svg
book,book.svg,outlined,https://wentin.github.io/ant-design-icons/packages/icons-svg/svg/outlined/book.svg
border bottom,border-bottom.svg,outlined,https://wentin.github.io/ant-design-icons/packages/icons-svg/svg/outlined/border-bottom.svg
border horizontal,border-horizontal.svg,outlined,https://wentin.github.io/ant-design-icons/packages/icons-svg/svg/outlined/border-horizontal.svg
border inner,border-inner.svg,outlined,https://wentin.github.io/ant-design-icons/packages/icons-svg/svg/outlined/border-inner.svg
border left,border-left.svg,outlined,https://wentin.github.io/ant-design-icons/packages/icons-svg/svg/outlined/border-left.svg
border outer,border-outer.svg,outlined,https://wentin.github.io/ant-design-icons/packages/icons-svg/svg/outlined/border-outer.svg
border right,border-right.svg,outlined,https://wentin.github.io/ant-design-icons/packages/icons-svg/svg/outlined/border-right.svg
border top,border-top.svg,outlined,https://wentin.github.io/ant-design-icons/packages/icons-svg/svg/outlined/border-top.svg
border verticle,border-verticle.svg,outlined,https://wentin.github.io/ant-design-icons/packages/icons-svg/svg/outlined/border-verticle.svg
border,border.svg,outlined,https://wentin.github.io/ant-design-icons/packages/icons-svg/svg/outlined/border.svg
borderless table,borderless-table.svg,outlined,https://wentin.github.io/ant-design-icons/packages/icons-svg/svg/outlined/borderless-table.svg
box plot,box-plot.svg,outlined,https://wentin.github.io/ant-design-icons/packages/icons-svg/svg/outlined/box-plot.svg
branches,branches.svg,outlined,https://wentin.github.io/ant-design-icons/packages/icons-svg/svg/outlined/branches.svg
bug,bug.svg,outlined,https://wentin.github.io/ant-design-icons/packages/icons-svg/svg/outlined/bug.svg
build,build.svg,outlined,https://wentin.github.io/ant-design-icons/packages/icons-svg/svg/outlined/build.svg
bulb,bulb.svg,outlined,https://wentin.github.io/ant-design-icons/packages/icons-svg/svg/outlined/bulb.svg
calculator,calculator.svg,outlined,https://wentin.github.io/ant-design-icons/packages/icons-svg/svg/outlined/calculator.svg
calendar,calendar.svg,outlined,https://wentin.github.io/ant-design-icons/packages/icons-svg/svg/outlined/calendar.svg
camera,camera.svg,outlined,https://wentin.github.io/ant-design-icons/packages/icons-svg/svg/outlined/camera.svg
car,car.svg,outlined,https://wentin.github.io/ant-design-icons/packages/icons-svg/svg/outlined/car.svg
caret down,caret-down.svg,outlined,https://wentin.github.io/ant-design-icons/packages/icons-svg/svg/outlined/caret-down.svg
caret left,caret-left.svg,outlined,https://wentin.github.io/ant-design-icons/packages/icons-svg/svg/outlined/caret-left.svg
caret right,caret-right.svg,outlined,https://wentin.github.io/ant-design-icons/packages/icons-svg/svg/outlined/caret-right.svg
caret up,caret-up.svg,outlined,https://wentin.github.io/ant-design-icons/packages/icons-svg/svg/outlined/caret-up.svg
carry out,carry-out.svg,outlined,https://wentin.github.io/ant-design-icons/packages/icons-svg/svg/outlined/carry-out.svg
check circle,check-circle.svg,outlined,https://wentin.github.io/ant-design-icons/packages/icons-svg/svg/outlined/check-circle.svg
check square,check-square.svg,outlined,https://wentin.github.io/ant-design-icons/packages/icons-svg/svg/outlined/check-square.svg
check,check.svg,outlined,https://wentin.github.io/ant-design-icons/packages/icons-svg/svg/outlined/check.svg
chrome,chrome.svg,outlined,https://wentin.github.io/ant-design-icons/packages/icons-svg/svg/outlined/chrome.svg
ci circle,ci-circle.svg,outlined,https://wentin.github.io/ant-design-icons/packages/icons-svg/svg/outlined/ci-circle.svg
ci,ci.svg,outlined,https://wentin.github.io/ant-design-icons/packages/icons-svg/svg/outlined/ci.svg
clear,clear.svg,outlined,https://wentin.github.io/ant-design-icons/packages/icons-svg/svg/outlined/clear.svg
clock circle,clock-circle.svg,outlined,https://wentin.github.io/ant-design-icons/packages/icons-svg/svg/outlined/clock-circle.svg
close circle,close-circle.svg,outlined,https://wentin.github.io/ant-design-icons/packages/icons-svg/svg/outlined/close-circle.svg
close square,close-square.svg,outlined,https://wentin.github.io/ant-design-icons/packages/icons-svg/svg/outlined/close-square.svg
close,close.svg,outlined,https://wentin.github.io/ant-design-icons/packages/icons-svg/svg/outlined/close.svg
cloud download,cloud-download.svg,outlined,https://wentin.github.io/ant-design-icons/packages/icons-svg/svg/outlined/cloud-download.svg
cloud server,cloud-server.svg,outlined,https://wentin.github.io/ant-design-icons/packages/icons-svg/svg/outlined/cloud-server.svg
cloud sync,cloud-sync.svg,outlined,https://wentin.github.io/ant-design-icons/packages/icons-svg/svg/outlined/cloud-sync.svg
cloud upload,cloud-upload.svg,outlined,https://wentin.github.io/ant-design-icons/packages/icons-svg/svg/outlined/cloud-upload.svg
cloud,cloud.svg,outlined,https://wentin.github.io/ant-design-icons/packages/icons-svg/svg/outlined/cloud.svg
cluster,cluster.svg,outlined,https://wentin.github.io/ant-design-icons/packages/icons-svg/svg/outlined/cluster.svg
code sandbox,code-sandbox.svg,outlined,https://wentin.github.io/ant-design-icons/packages/icons-svg/svg/outlined/code-sandbox.svg
code,code.svg,outlined,https://wentin.github.io/ant-design-icons/packages/icons-svg/svg/outlined/code.svg
codepen circle,codepen-circle.svg,outlined,https://wentin.github.io/ant-design-icons/packages/icons-svg/svg/outlined/codepen-circle.svg
codepen,codepen.svg,outlined,https://wentin.github.io/ant-design-icons/packages/icons-svg/svg/outlined/codepen.svg
coffee,coffee.svg,outlined,https://wentin.github.io/ant-design-icons/packages/icons-svg/svg/outlined/coffee.svg
column height,column-height.svg,outlined,https://wentin.github.io/ant-design-icons/packages/icons-svg/svg/outlined/column-height.svg
column width,column-width.svg,outlined,https://wentin.github.io/ant-design-icons/packages/icons-svg/svg/outlined/column-width.svg
comment,comment.svg,outlined,https://wentin.github.io/ant-design-icons/packages/icons-svg/svg/outlined/comment.svg
compass,compass.svg,outlined,https://wentin.github.io/ant-design-icons/packages/icons-svg/svg/outlined/compass.svg
compress,compress.svg,outlined,https://wentin.github.io/ant-design-icons/packages/icons-svg/svg/outlined/compress.svg
console sql,console-sql.svg,outlined,https://wentin.github.io/ant-design-icons/packages/icons-svg/svg/outlined/console-sql.svg
contacts,contacts.svg,outlined,https://wentin.github.io/ant-design-icons/packages/icons-svg/svg/outlined/contacts.svg
container,container.svg,outlined,https://wentin.github.io/ant-design-icons/packages/icons-svg/svg/outlined/container.svg
control,control.svg,outlined,https://wentin.github.io/ant-design-icons/packages/icons-svg/svg/outlined/control.svg
copy,copy.svg,outlined,https://wentin.github.io/ant-design-icons/packages/icons-svg/svg/outlined/copy.svg
copyright circle,copyright-circle.svg,outlined,https://wentin.github.io/ant-design-icons/packages/icons-svg/svg/outlined/copyright-circle.svg
copyright,copyright.svg,outlined,https://wentin.github.io/ant-design-icons/packages/icons-svg/svg/outlined/copyright.svg
credit card,credit-card.svg,outlined,https://wentin.github.io/ant-design-icons/packages/icons-svg/svg/outlined/credit-card.svg
crown,crown.svg,outlined,https://wentin.github.io/ant-design-icons/packages/icons-svg/svg/outlined/crown.svg
customer service,customer-service.svg,outlined,https://wentin.github.io/ant-design-icons/packages/icons-svg/svg/outlined/customer-service.svg
dash,dash.svg,outlined,https://wentin.github.io/ant-design-icons/packages/icons-svg/svg/outlined/dash.svg
dashboard,dashboard.svg,outlined,https://wentin.github.io/ant-design-icons/packages/icons-svg/svg/outlined/dashboard.svg
database,database.svg,outlined,https://wentin.github.io/ant-design-icons/packages/icons-svg/svg/outlined/database.svg
delete column,delete-column.svg,outlined,https://wentin.github.io/ant-design-icons/packages/icons-svg/svg/outlined/delete-column.svg
delete row,delete-row.svg,outlined,https://wentin.github.io/ant-design-icons/packages/icons-svg/svg/outlined/delete-row.svg
delete,delete.svg,outlined,https://wentin.github.io/ant-design-icons/packages/icons-svg/svg/outlined/delete.svg
delivered procedure,delivered-procedure.svg,outlined,https://wentin.github.io/ant-design-icons/packages/icons-svg/svg/outlined/delivered-procedure.svg
deployment unit,deployment-unit.svg,outlined,https://wentin.github.io/ant-design-icons/packages/icons-svg/svg/outlined/deployment-unit.svg
desktop,desktop.svg,outlined,https://wentin.github.io/ant-design-icons/packages/icons-svg/svg/outlined/desktop.svg
diff,diff.svg,outlined,https://wentin.github.io/ant-design-icons/packages/icons-svg/svg/outlined/diff.svg
dingding,dingding.svg,outlined,https://wentin.github.io/ant-design-icons/packages/icons-svg/svg/outlined/dingding.svg
dingtalk,dingtalk.svg,outlined,https://wentin.github.io/ant-design-icons/packages/icons-svg/svg/outlined/dingtalk.svg
disconnect,disconnect.svg,outlined,https://wentin.github.io/ant-design-icons/packages/icons-svg/svg/outlined/disconnect.svg
dislike,dislike.svg,outlined,https://wentin.github.io/ant-design-icons/packages/icons-svg/svg/outlined/dislike.svg
dollar circle,dollar-circle.svg,outlined,https://wentin.github.io/ant-design-icons/packages/icons-svg/svg/outlined/dollar-circle.svg
dollar,dollar.svg,outlined,https://wentin.github.io/ant-design-icons/packages/icons-svg/svg/outlined/dollar.svg
dot chart,dot-chart.svg,outlined,https://wentin.github.io/ant-design-icons/packages/icons-svg/svg/outlined/dot-chart.svg
double left,double-left.svg,outlined,https://wentin.github.io/ant-design-icons/packages/icons-svg/svg/outlined/double-left.svg
double right,double-right.svg,outlined,https://wentin.github.io/ant-design-icons/packages/icons-svg/svg/outlined/double-right.svg
down circle,down-circle.svg,outlined,https://wentin.github.io/ant-design-icons/packages/icons-svg/svg/outlined/down-circle.svg
down square,down-square.svg,outlined,https://wentin.github.io/ant-design-icons/packages/icons-svg/svg/outlined/down-square.svg
down,down.svg,outlined,https://wentin.github.io/ant-design-icons/packages/icons-svg/svg/outlined/down.svg
download,download.svg,outlined,https://wentin.github.io/ant-design-icons/packages/icons-svg/svg/outlined/download.svg
drag,drag.svg,outlined,https://wentin.github.io/ant-design-icons/packages/icons-svg/svg/outlined/drag.svg
dribbble square,dribbble-square.svg,outlined,https://wentin.github.io/ant-design-icons/packages/icons-svg/svg/outlined/dribbble-square.svg
dribbble,dribbble.svg,outlined,https://wentin.github.io/ant-design-icons/packages/icons-svg/svg/outlined/dribbble.svg
dropbox,dropbox.svg,outlined,https://wentin.github.io/ant-design-icons/packages/icons-svg/svg/outlined/dropbox.svg
edit,edit.svg,outlined,https://wentin.github.io/ant-design-icons/packages/icons-svg/svg/outlined/edit.svg
ellipsis,ellipsis.svg,outlined,https://wentin.github.io/ant-design-icons/packages/icons-svg/svg/outlined/ellipsis.svg
enter,enter.svg,outlined,https://wentin.github.io/ant-design-icons/packages/icons-svg/svg/outlined/enter.svg
environment,environment.svg,outlined,https://wentin.github.io/ant-design-icons/packages/icons-svg/svg/outlined/environment.svg
euro circle,euro-circle.svg,outlined,https://wentin.github.io/ant-design-icons/packages/icons-svg/svg/outlined/euro-circle.svg
euro,euro.svg,outlined,https://wentin.github.io/ant-design-icons/packages/icons-svg/svg/outlined/euro.svg
exception,exception.svg,outlined,https://wentin.github.io/ant-design-icons/packages/icons-svg/svg/outlined/exception.svg
exclamation circle,exclamation-circle.svg,outlined,https://wentin.github.io/ant-design-icons/packages/icons-svg/svg/outlined/exclamation-circle.svg
exclamation,exclamation.svg,outlined,https://wentin.github.io/ant-design-icons/packages/icons-svg/svg/outlined/exclamation.svg
expand alt,expand-alt.svg,outlined,https://wentin.github.io/ant-design-icons/packages/icons-svg/svg/outlined/expand-alt.svg
expand,expand.svg,outlined,https://wentin.github.io/ant-design-icons/packages/icons-svg/svg/outlined/expand.svg
experiment,experiment.svg,outlined,https://wentin.github.io/ant-design-icons/packages/icons-svg/svg/outlined/experiment.svg
export,export.svg,outlined,https://wentin.github.io/ant-design-icons/packages/icons-svg/svg/outlined/export.svg
eye invisible,eye-invisible.svg,outlined,https://wentin.github.io/ant-design-icons/packages/icons-svg/svg/outlined/eye-invisible.svg
eye,eye.svg,outlined,https://wentin.github.io/ant-design-icons/packages/icons-svg/svg/outlined/eye.svg
facebook,facebook.svg,outlined,https://wentin.github.io/ant-design-icons/packages/icons-svg/svg/outlined/facebook.svg
fall,fall.svg,outlined,https://wentin.github.io/ant-design-icons/packages/icons-svg/svg/outlined/fall.svg
fast backward,fast-backward.svg,outlined,https://wentin.github.io/ant-design-icons/packages/icons-svg/svg/outlined/fast-backward.svg
fast forward,fast-forward.svg,outlined,https://wentin.github.io/ant-design-icons/packages/icons-svg/svg/outlined/fast-forward.svg
field binary,field-binary.svg,outlined,https://wentin.github.io/ant-design-icons/packages/icons-svg/svg/outlined/field-binary.svg
field number,field-number.svg,outlined,https://wentin.github.io/ant-design-icons/packages/icons-svg/svg/outlined/field-number.svg
field string,field-string.svg,outlined,https://wentin.github.io/ant-design-icons/packages/icons-svg/svg/outlined/field-string.svg
field time,field-time.svg,outlined,https://wentin.github.io/ant-design-icons/packages/icons-svg/svg/outlined/field-time.svg
file add,file-add.svg,outlined,https://wentin.github.io/ant-design-icons/packages/icons-svg/svg/outlined/file-add.svg
file done,file-done.svg,outlined,https://wentin.github.io/ant-design-icons/packages/icons-svg/svg/outlined/file-done.svg
file excel,file-excel.svg,outlined,https://wentin.github.io/ant-design-icons/packages/icons-svg/svg/outlined/file-excel.svg
file exclamation,file-exclamation.svg,outlined,https://wentin.github.io/ant-design-icons/packages/icons-svg/svg/outlined/file-exclamation.svg
file gif,file-gif.svg,outlined,https://wentin.github.io/ant-design-icons/packages/icons-svg/svg/outlined/file-gif.svg
file image,file-image.svg,outlined,https://wentin.github.io/ant-design-icons/packages/icons-svg/svg/outlined/file-image.svg
file jpg,file-jpg.svg,outlined,https://wentin.github.io/ant-design-icons/packages/icons-svg/svg/outlined/file-jpg.svg
file markdown,file-markdown.svg,outlined,https://wentin.github.io/ant-design-icons/packages/icons-svg/svg/outlined/file-markdown.svg
file pdf,file-pdf.svg,outlined,https://wentin.github.io/ant-design-icons/packages/icons-svg/svg/outlined/file-pdf.svg
file ppt,file-ppt.svg,outlined,https://wentin.github.io/ant-design-icons/packages/icons-svg/svg/outlined/file-ppt.svg
file protect,file-protect.svg,outlined,https://wentin.github.io/ant-design-icons/packages/icons-svg/svg/outlined/file-protect.svg
file search,file-search.svg,outlined,https://wentin.github.io/ant-design-icons/packages/icons-svg/svg/outlined/file-search.svg
file sync,file-sync.svg,outlined,https://wentin.github.io/ant-design-icons/packages/icons-svg/svg/outlined/file-sync.svg
file text,file-text.svg,outlined,https://wentin.github.io/ant-design-icons/packages/icons-svg/svg/outlined/file-text.svg
file unknown,file-unknown.svg,outlined,https://wentin.github.io/ant-design-icons/packages/icons-svg/svg/outlined/file-unknown.svg
file word,file-word.svg,outlined,https://wentin.github.io/ant-design-icons/packages/icons-svg/svg/outlined/file-word.svg
file zip,file-zip.svg,outlined,https://wentin.github.io/ant-design-icons/packages/icons-svg/svg/outlined/file-zip.svg
file,file.svg,outlined,https://wentin.github.io/ant-design-icons/packages/icons-svg/svg/outlined/file.svg
filter,filter.svg,outlined,https://wentin.github.io/ant-design-icons/packages/icons-svg/svg/outlined/filter.svg
fire,fire.svg,outlined,https://wentin.github.io/ant-design-icons/packages/icons-svg/svg/outlined/fire.svg
flag,flag.svg,outlined,https://wentin.github.io/ant-design-icons/packages/icons-svg/svg/outlined/flag.svg
folder add,folder-add.svg,outlined,https://wentin.github.io/ant-design-icons/packages/icons-svg/svg/outlined/folder-add.svg
folder open,folder-open.svg,outlined,https://wentin.github.io/ant-design-icons/packages/icons-svg/svg/outlined/folder-open.svg
folder view,folder-view.svg,outlined,https://wentin.github.io/ant-design-icons/packages/icons-svg/svg/outlined/folder-view.svg
folder,folder.svg,outlined,https://wentin.github.io/ant-design-icons/packages/icons-svg/svg/outlined/folder.svg
font colors,font-colors.svg,outlined,https://wentin.github.io/ant-design-icons/packages/icons-svg/svg/outlined/font-colors.svg
font size,font-size.svg,outlined,https://wentin.github.io/ant-design-icons/packages/icons-svg/svg/outlined/font-size.svg
fork,fork.svg,outlined,https://wentin.github.io/ant-design-icons/packages/icons-svg/svg/outlined/fork.svg
form,form.svg,outlined,https://wentin.github.io/ant-design-icons/packages/icons-svg/svg/outlined/form.svg
format painter,format-painter.svg,outlined,https://wentin.github.io/ant-design-icons/packages/icons-svg/svg/outlined/format-painter.svg
forward,forward.svg,outlined,https://wentin.github.io/ant-design-icons/packages/icons-svg/svg/outlined/forward.svg
frown,frown.svg,outlined,https://wentin.github.io/ant-design-icons/packages/icons-svg/svg/outlined/frown.svg
fullscreen exit,fullscreen-exit.svg,outlined,https://wentin.github.io/ant-design-icons/packages/icons-svg/svg/outlined/fullscreen-exit.svg
fullscreen,fullscreen.svg,outlined,https://wentin.github.io/ant-design-icons/packages/icons-svg/svg/outlined/fullscreen.svg
function,function.svg,outlined,https://wentin.github.io/ant-design-icons/packages/icons-svg/svg/outlined/function.svg
fund projection screen,fund-projection-screen.svg,outlined,https://wentin.github.io/ant-design-icons/packages/icons-svg/svg/outlined/fund-projection-screen.svg
fund view,fund-view.svg,outlined,https://wentin.github.io/ant-design-icons/packages/icons-svg/svg/outlined/fund-view.svg
fund,fund.svg,outlined,https://wentin.github.io/ant-design-icons/packages/icons-svg/svg/outlined/fund.svg
funnel plot,funnel-plot.svg,outlined,https://wentin.github.io/ant-design-icons/packages/icons-svg/svg/outlined/funnel-plot.svg
gateway,gateway.svg,outlined,https://wentin.github.io/ant-design-icons/packages/icons-svg/svg/outlined/gateway.svg
gif,gif.svg,outlined,https://wentin.github.io/ant-design-icons/packages/icons-svg/svg/outlined/gif.svg
gift,gift.svg,outlined,https://wentin.github.io/ant-design-icons/packages/icons-svg/svg/outlined/gift.svg
github,github.svg,outlined,https://wentin.github.io/ant-design-icons/packages/icons-svg/svg/outlined/github.svg
gitlab,gitlab.svg,outlined,https://wentin.github.io/ant-design-icons/packages/icons-svg/svg/outlined/gitlab.svg
global,global.svg,outlined,https://wentin.github.io/ant-design-icons/packages/icons-svg/svg/outlined/global.svg
gold,gold.svg,outlined,https://wentin.github.io/ant-design-icons/packages/icons-svg/svg/outlined/gold.svg
google plus,google-plus.svg,outlined,https://wentin.github.io/ant-design-icons/packages/icons-svg/svg/outlined/google-plus.svg
google,google.svg,outlined,https://wentin.github.io/ant-design-icons/packages/icons-svg/svg/outlined/google.svg
group,group.svg,outlined,https://wentin.github.io/ant-design-icons/packages/icons-svg/svg/outlined/group.svg
hdd,hdd.svg,outlined,https://wentin.github.io/ant-design-icons/packages/icons-svg/svg/outlined/hdd.svg
heart,heart.svg,outlined,https://wentin.github.io/ant-design-icons/packages/icons-svg/svg/outlined/heart.svg
heat map,heat-map.svg,outlined,https://wentin.github.io/ant-design-icons/packages/icons-svg/svg/outlined/heat-map.svg
highlight,highlight.svg,outlined,https://wentin.github.io/ant-design-icons/packages/icons-svg/svg/outlined/highlight.svg
history,history.svg,outlined,https://wentin.github.io/ant-design-icons/packages/icons-svg/svg/outlined/history.svg
home,home.svg,outlined,https://wentin.github.io/ant-design-icons/packages/icons-svg/svg/outlined/home.svg
hourglass,hourglass.svg,outlined,https://wentin.github.io/ant-design-icons/packages/icons-svg/svg/outlined/hourglass.svg
html5,html5.svg,outlined,https://wentin.github.io/ant-design-icons/packages/icons-svg/svg/outlined/html5.svg
idcard,idcard.svg,outlined,https://wentin.github.io/ant-design-icons/packages/icons-svg/svg/outlined/idcard.svg
ie,ie.svg,outlined,https://wentin.github.io/ant-design-icons/packages/icons-svg/svg/outlined/ie.svg
import,import.svg,outlined,https://wentin.github.io/ant-design-icons/packages/icons-svg/svg/outlined/import.svg
inbox,inbox.svg,outlined,https://wentin.github.io/ant-design-icons/packages/icons-svg/svg/outlined/inbox.svg
info circle,info-circle.svg,outlined,https://wentin.github.io/ant-design-icons/packages/icons-svg/svg/outlined/info-circle.svg
info,info.svg,outlined,https://wentin.github.io/ant-design-icons/packages/icons-svg/svg/outlined/info.svg
insert row above,insert-row-above.svg,outlined,https://wentin.github.io/ant-design-icons/packages/icons-svg/svg/outlined/insert-row-above.svg
insert row below,insert-row-below.svg,outlined,https://wentin.github.io/ant-design-icons/packages/icons-svg/svg/outlined/insert-row-below.svg
insert row left,insert-row-left.svg,outlined,https://wentin.github.io/ant-design-icons/packages/icons-svg/svg/outlined/insert-row-left.svg
insert row right,insert-row-right.svg,outlined,https://wentin.github.io/ant-design-icons/packages/icons-svg/svg/outlined/insert-row-right.svg
instagram,instagram.svg,outlined,https://wentin.github.io/ant-design-icons/packages/icons-svg/svg/outlined/instagram.svg
insurance,insurance.svg,outlined,https://wentin.github.io/ant-design-icons/packages/icons-svg/svg/outlined/insurance.svg
interaction,interaction.svg,outlined,https://wentin.github.io/ant-design-icons/packages/icons-svg/svg/outlined/interaction.svg
issues close,issues-close.svg,outlined,https://wentin.github.io/ant-design-icons/packages/icons-svg/svg/outlined/issues-close.svg
italic,italic.svg,outlined,https://wentin.github.io/ant-design-icons/packages/icons-svg/svg/outlined/italic.svg
key,key.svg,outlined,https://wentin.github.io/ant-design-icons/packages/icons-svg/svg/outlined/key.svg
laptop,laptop.svg,outlined,https://wentin.github.io/ant-design-icons/packages/icons-svg/svg/outlined/laptop.svg
layout,layout.svg,outlined,https://wentin.github.io/ant-design-icons/packages/icons-svg/svg/outlined/layout.svg
left circle,left-circle.svg,outlined,https://wentin.github.io/ant-design-icons/packages/icons-svg/svg/outlined/left-circle.svg
left square,left-square.svg,outlined,https://wentin.github.io/ant-design-icons/packages/icons-svg/svg/outlined/left-square.svg
left,left.svg,outlined,https://wentin.github.io/ant-design-icons/packages/icons-svg/svg/outlined/left.svg
like,like.svg,outlined,https://wentin.github.io/ant-design-icons/packages/icons-svg/svg/outlined/like.svg
line chart,line-chart.svg,outlined,https://wentin.github.io/ant-design-icons/packages/icons-svg/svg/outlined/line-chart.svg
line height,line-height.svg,outlined,https://wentin.github.io/ant-design-icons/packages/icons-svg/svg/outlined/line-height.svg
line,line.svg,outlined,https://wentin.github.io/ant-design-icons/packages/icons-svg/svg/outlined/line.svg
link,link.svg,outlined,https://wentin.github.io/ant-design-icons/packages/icons-svg/svg/outlined/link.svg
linkedin,linkedin.svg,outlined,https://wentin.github.io/ant-design-icons/packages/icons-svg/svg/outlined/linkedin.svg
loading 3 quarters,loading-3-quarters.svg,outlined,https://wentin.github.io/ant-design-icons/packages/icons-svg/svg/outlined/loading-3-quarters.svg
loading,loading.svg,outlined,https://wentin.github.io/ant-design-icons/packages/icons-svg/svg/outlined/loading.svg
lock,lock.svg,outlined,https://wentin.github.io/ant-design-icons/packages/icons-svg/svg/outlined/lock.svg
login,login.svg,outlined,https://wentin.github.io/ant-design-icons/packages/icons-svg/svg/outlined/login.svg
logout,logout.svg,outlined,https://wentin.github.io/ant-design-icons/packages/icons-svg/svg/outlined/logout.svg
mac command,mac-command.svg,outlined,https://wentin.github.io/ant-design-icons/packages/icons-svg/svg/outlined/mac-command.svg
mail,mail.svg,outlined,https://wentin.github.io/ant-design-icons/packages/icons-svg/svg/outlined/mail.svg
man,man.svg,outlined,https://wentin.github.io/ant-design-icons/packages/icons-svg/svg/outlined/man.svg
medicine box,medicine-box.svg,outlined,https://wentin.github.io/ant-design-icons/packages/icons-svg/svg/outlined/medicine-box.svg
medium workmark,medium-workmark.svg,outlined,https://wentin.github.io/ant-design-icons/packages/icons-svg/svg/outlined/medium-workmark.svg
medium,medium.svg,outlined,https://wentin.github.io/ant-design-icons/packages/icons-svg/svg/outlined/medium.svg
meh,meh.svg,outlined,https://wentin.github.io/ant-design-icons/packages/icons-svg/svg/outlined/meh.svg
menu fold,menu-fold.svg,outlined,https://wentin.github.io/ant-design-icons/packages/icons-svg/svg/outlined/menu-fold.svg
menu unfold,menu-unfold.svg,outlined,https://wentin.github.io/ant-design-icons/packages/icons-svg/svg/outlined/menu-unfold.svg
menu,menu.svg,outlined,https://wentin.github.io/ant-design-icons/packages/icons-svg/svg/outlined/menu.svg
merge cells,merge-cells.svg,outlined,https://wentin.github.io/ant-design-icons/packages/icons-svg/svg/outlined/merge-cells.svg
message,message.svg,outlined,https://wentin.github.io/ant-design-icons/packages/icons-svg/svg/outlined/message.svg
minus circle,minus-circle.svg,outlined,https://wentin.github.io/ant-design-icons/packages/icons-svg/svg/outlined/minus-circle.svg
minus square,minus-square.svg,outlined,https://wentin.github.io/ant-design-icons/packages/icons-svg/svg/outlined/minus-square.svg
minus,minus.svg,outlined,https://wentin.github.io/ant-design-icons/packages/icons-svg/svg/outlined/minus.svg
mobile,mobile.svg,outlined,https://wentin.github.io/ant-design-icons/packages/icons-svg/svg/outlined/mobile.svg
money collect,money-collect.svg,outlined,https://wentin.github.io/ant-design-icons/packages/icons-svg/svg/outlined/money-collect.svg
monitor,monitor.svg,outlined,https://wentin.github.io/ant-design-icons/packages/icons-svg/svg/outlined/monitor.svg
more,more.svg,outlined,https://wentin.github.io/ant-design-icons/packages/icons-svg/svg/outlined/more.svg
node collapse,node-collapse.svg,outlined,https://wentin.github.io/ant-design-icons/packages/icons-svg/svg/outlined/node-collapse.svg
node expand,node-expand.svg,outlined,https://wentin.github.io/ant-design-icons/packages/icons-svg/svg/outlined/node-expand.svg
node index,node-index.svg,outlined,https://wentin.github.io/ant-design-icons/packages/icons-svg/svg/outlined/node-index.svg
notification,notification.svg,outlined,https://wentin.github.io/ant-design-icons/packages/icons-svg/svg/outlined/notification.svg
number,number.svg,outlined,https://wentin.github.io/ant-design-icons/packages/icons-svg/svg/outlined/number.svg
one to one,one-to-one.svg,outlined,https://wentin.github.io/ant-design-icons/packages/icons-svg/svg/outlined/one-to-one.svg
ordered list,ordered-list.svg,outlined,https://wentin.github.io/ant-design-icons/packages/icons-svg/svg/outlined/ordered-list.svg
paper clip,paper-clip.svg,outlined,https://wentin.github.io/ant-design-icons/packages/icons-svg/svg/outlined/paper-clip.svg
partition,partition.svg,outlined,https://wentin.github.io/ant-design-icons/packages/icons-svg/svg/outlined/partition.svg
pause circle,pause-circle.svg,outlined,https://wentin.github.io/ant-design-icons/packages/icons-svg/svg/outlined/pause-circle.svg
pause,pause.svg,outlined,https://wentin.github.io/ant-design-icons/packages/icons-svg/svg/outlined/pause.svg
pay circle,pay-circle.svg,outlined,https://wentin.github.io/ant-design-icons/packages/icons-svg/svg/outlined/pay-circle.svg
percentage,percentage.svg,outlined,https://wentin.github.io/ant-design-icons/packages/icons-svg/svg/outlined/percentage.svg
phone,phone.svg,outlined,https://wentin.github.io/ant-design-icons/packages/icons-svg/svg/outlined/phone.svg
pic center,pic-center.svg,outlined,https://wentin.github.io/ant-design-icons/packages/icons-svg/svg/outlined/pic-center.svg
pic left,pic-left.svg,outlined,https://wentin.github.io/ant-design-icons/packages/icons-svg/svg/outlined/pic-left.svg
pic right,pic-right.svg,outlined,https://wentin.github.io/ant-design-icons/packages/icons-svg/svg/outlined/pic-right.svg
picture,picture.svg,outlined,https://wentin.github.io/ant-design-icons/packages/icons-svg/svg/outlined/picture.svg
pie chart,pie-chart.svg,outlined,https://wentin.github.io/ant-design-icons/packages/icons-svg/svg/outlined/pie-chart.svg
play circle,play-circle.svg,outlined,https://wentin.github.io/ant-design-icons/packages/icons-svg/svg/outlined/play-circle.svg
play square,play-square.svg,outlined,https://wentin.github.io/ant-design-icons/packages/icons-svg/svg/outlined/play-square.svg
plus circle,plus-circle.svg,outlined,https://wentin.github.io/ant-design-icons/packages/icons-svg/svg/outlined/plus-circle.svg
plus square,plus-square.svg,outlined,https://wentin.github.io/ant-design-icons/packages/icons-svg/svg/outlined/plus-square.svg
plus,plus.svg,outlined,https://wentin.github.io/ant-design-icons/packages/icons-svg/svg/outlined/plus.svg
pound circle,pound-circle.svg,outlined,https://wentin.github.io/ant-design-icons/packages/icons-svg/svg/outlined/pound-circle.svg
pound,pound.svg,outlined,https://wentin.github.io/ant-design-icons/packages/icons-svg/svg/outlined/pound.svg
poweroff,poweroff.svg,outlined,https://wentin.github.io/ant-design-icons/packages/icons-svg/svg/outlined/poweroff.svg
printer,printer.svg,outlined,https://wentin.github.io/ant-design-icons/packages/icons-svg/svg/outlined/printer.svg
profile,profile.svg,outlined,https://wentin.github.io/ant-design-icons/packages/icons-svg/svg/outlined/profile.svg
project,project.svg,outlined,https://wentin.github.io/ant-design-icons/packages/icons-svg/svg/outlined/project.svg
property safety,property-safety.svg,outlined,https://wentin.github.io/ant-design-icons/packages/icons-svg/svg/outlined/property-safety.svg
pull request,pull-request.svg,outlined,https://wentin.github.io/ant-design-icons/packages/icons-svg/svg/outlined/pull-request.svg
pushpin,pushpin.svg,outlined,https://wentin.github.io/ant-design-icons/packages/icons-svg/svg/outlined/pushpin.svg
qq,qq.svg,outlined,https://wentin.github.io/ant-design-icons/packages/icons-svg/svg/outlined/qq.svg
qrcode,qrcode.svg,outlined,https://wentin.github.io/ant-design-icons/packages/icons-svg/svg/outlined/qrcode.svg
question circle,question-circle.svg,outlined,https://wentin.github.io/ant-design-icons/packages/icons-svg/svg/outlined/question-circle.svg
question,question.svg,outlined,https://wentin.github.io/ant-design-icons/packages/icons-svg/svg/outlined/question.svg
radar chart,radar-chart.svg,outlined,https://wentin.github.io/ant-design-icons/packages/icons-svg/svg/outlined/radar-chart.svg
radius bottomleft,radius-bottomleft.svg,outlined,https://wentin.github.io/ant-design-icons/packages/icons-svg/svg/outlined/radius-bottomleft.svg
radius bottomright,radius-bottomright.svg,outlined,https://wentin.github.io/ant-design-icons/packages/icons-svg/svg/outlined/radius-bottomright.svg
radius setting,radius-setting.svg,outlined,https://wentin.github.io/ant-design-icons/packages/icons-svg/svg/outlined/radius-setting.svg
radius upleft,radius-upleft.svg,outlined,https://wentin.github.io/ant-design-icons/packages/icons-svg/svg/outlined/radius-upleft.svg
radius upright,radius-upright.svg,outlined,https://wentin.github.io/ant-design-icons/packages/icons-svg/svg/outlined/radius-upright.svg
read,read.svg,outlined,https://wentin.github.io/ant-design-icons/packages/icons-svg/svg/outlined/read.svg
reconciliation,reconciliation.svg,outlined,https://wentin.github.io/ant-design-icons/packages/icons-svg/svg/outlined/reconciliation.svg
red envelope,red-envelope.svg,outlined,https://wentin.github.io/ant-design-icons/packages/icons-svg/svg/outlined/red-envelope.svg
reddit,reddit.svg,outlined,https://wentin.github.io/ant-design-icons/packages/icons-svg/svg/outlined/reddit.svg
redo,redo.svg,outlined,https://wentin.github.io/ant-design-icons/packages/icons-svg/svg/outlined/redo.svg
reload,reload.svg,outlined,https://wentin.github.io/ant-design-icons/packages/icons-svg/svg/outlined/reload.svg
rest,rest.svg,outlined,https://wentin.github.io/ant-design-icons/packages/icons-svg/svg/outlined/rest.svg
retweet,retweet.svg,outlined,https://wentin.github.io/ant-design-icons/packages/icons-svg/svg/outlined/retweet.svg
right circle,right-circle.svg,outlined,https://wentin.github.io/ant-design-icons/packages/icons-svg/svg/outlined/right-circle.svg
right square,right-square.svg,outlined,https://wentin.github.io/ant-design-icons/packages/icons-svg/svg/outlined/right-square.svg
right,right.svg,outlined,https://wentin.github.io/ant-design-icons/packages/icons-svg/svg/outlined/right.svg
rise,rise.svg,outlined,https://wentin.github.io/ant-design-icons/packages/icons-svg/svg/outlined/rise.svg
robot,robot.svg,outlined,https://wentin.github.io/ant-design-icons/packages/icons-svg/svg/outlined/robot.svg
rocket,rocket.svg,outlined,https://wentin.github.io/ant-design-icons/packages/icons-svg/svg/outlined/rocket.svg
rollback,rollback.svg,outlined,https://wentin.github.io/ant-design-icons/packages/icons-svg/svg/outlined/rollback.svg
rotate left,rotate-left.svg,outlined,https://wentin.github.io/ant-design-icons/packages/icons-svg/svg/outlined/rotate-left.svg
rotate right,rotate-right.svg,outlined,https://wentin.github.io/ant-design-icons/packages/icons-svg/svg/outlined/rotate-right.svg
safety certificate,safety-certificate.svg,outlined,https://wentin.github.io/ant-design-icons/packages/icons-svg/svg/outlined/safety-certificate.svg
safety,safety.svg,outlined,https://wentin.github.io/ant-design-icons/packages/icons-svg/svg/outlined/safety.svg
save,save.svg,outlined,https://wentin.github.io/ant-design-icons/packages/icons-svg/svg/outlined/save.svg
scan,scan.svg,outlined,https://wentin.github.io/ant-design-icons/packages/icons-svg/svg/outlined/scan.svg
schedule,schedule.svg,outlined,https://wentin.github.io/ant-design-icons/packages/icons-svg/svg/outlined/schedule.svg
scissor,scissor.svg,outlined,https://wentin.github.io/ant-design-icons/packages/icons-svg/svg/outlined/scissor.svg
search,search.svg,outlined,https://wentin.github.io/ant-design-icons/packages/icons-svg/svg/outlined/search.svg
security scan,security-scan.svg,outlined,https://wentin.github.io/ant-design-icons/packages/icons-svg/svg/outlined/security-scan.svg
select,select.svg,outlined,https://wentin.github.io/ant-design-icons/packages/icons-svg/svg/outlined/select.svg
send,send.svg,outlined,https://wentin.github.io/ant-design-icons/packages/icons-svg/svg/outlined/send.svg
setting,setting.svg,outlined,https://wentin.github.io/ant-design-icons/packages/icons-svg/svg/outlined/setting.svg
shake,shake.svg,outlined,https://wentin.github.io/ant-design-icons/packages/icons-svg/svg/outlined/shake.svg
share alt,share-alt.svg,outlined,https://wentin.github.io/ant-design-icons/packages/icons-svg/svg/outlined/share-alt.svg
shop,shop.svg,outlined,https://wentin.github.io/ant-design-icons/packages/icons-svg/svg/outlined/shop.svg
shopping cart,shopping-cart.svg,outlined,https://wentin.github.io/ant-design-icons/packages/icons-svg/svg/outlined/shopping-cart.svg
shopping,shopping.svg,outlined,https://wentin.github.io/ant-design-icons/packages/icons-svg/svg/outlined/shopping.svg
shrink,shrink.svg,outlined,https://wentin.github.io/ant-design-icons/packages/icons-svg/svg/outlined/shrink.svg
sisternode,sisternode.svg,outlined,https://wentin.github.io/ant-design-icons/packages/icons-svg/svg/outlined/sisternode.svg
sketch,sketch.svg,outlined,https://wentin.github.io/ant-design-icons/packages/icons-svg/svg/outlined/sketch.svg
skin,skin.svg,outlined,https://wentin.github.io/ant-design-icons/packages/icons-svg/svg/outlined/skin.svg
skype,skype.svg,outlined,https://wentin.github.io/ant-design-icons/packages/icons-svg/svg/outlined/skype.svg
slack square,slack-square.svg,outlined,https://wentin.github.io/ant-design-icons/packages/icons-svg/svg/outlined/slack-square.svg
slack,slack.svg,outlined,https://wentin.github.io/ant-design-icons/packages/icons-svg/svg/outlined/slack.svg
sliders,sliders.svg,outlined,https://wentin.github.io/ant-design-icons/packages/icons-svg/svg/outlined/sliders.svg
small dash,small-dash.svg,outlined,https://wentin.github.io/ant-design-icons/packages/icons-svg/svg/outlined/small-dash.svg
smile,smile.svg,outlined,https://wentin.github.io/ant-design-icons/packages/icons-svg/svg/outlined/smile.svg
snippets,snippets.svg,outlined,https://wentin.github.io/ant-design-icons/packages/icons-svg/svg/outlined/snippets.svg
solution,solution.svg,outlined,https://wentin.github.io/ant-design-icons/packages/icons-svg/svg/outlined/solution.svg
sort ascending,sort-ascending.svg,outlined,https://wentin.github.io/ant-design-icons/packages/icons-svg/svg/outlined/sort-ascending.svg
sort descending,sort-descending.svg,outlined,https://wentin.github.io/ant-design-icons/packages/icons-svg/svg/outlined/sort-descending.svg
sound,sound.svg,outlined,https://wentin.github.io/ant-design-icons/packages/icons-svg/svg/outlined/sound.svg
split cells,split-cells.svg,outlined,https://wentin.github.io/ant-design-icons/packages/icons-svg/svg/outlined/split-cells.svg
star,star.svg,outlined,https://wentin.github.io/ant-design-icons/packages/icons-svg/svg/outlined/star.svg
step backward,step-backward.svg,outlined,https://wentin.github.io/ant-design-icons/packages/icons-svg/svg/outlined/step-backward.svg
step forward,step-forward.svg,outlined,https://wentin.github.io/ant-design-icons/packages/icons-svg/svg/outlined/step-forward.svg
stock,stock.svg,outlined,https://wentin.github.io/ant-design-icons/packages/icons-svg/svg/outlined/stock.svg
stop,stop.svg,outlined,https://wentin.github.io/ant-design-icons/packages/icons-svg/svg/outlined/stop.svg
strikethrough,strikethrough.svg,outlined,https://wentin.github.io/ant-design-icons/packages/icons-svg/svg/outlined/strikethrough.svg
subnode,subnode.svg,outlined,https://wentin.github.io/ant-design-icons/packages/icons-svg/svg/outlined/subnode.svg
swap left,swap-left.svg,outlined,https://wentin.github.io/ant-design-icons/packages/icons-svg/svg/outlined/swap-left.svg
swap right,swap-right.svg,outlined,https://wentin.github.io/ant-design-icons/packages/icons-svg/svg/outlined/swap-right.svg
swap,swap.svg,outlined,https://wentin.github.io/ant-design-icons/packages/icons-svg/svg/outlined/swap.svg
switcher,switcher.svg,outlined,https://wentin.github.io/ant-design-icons/packages/icons-svg/svg/outlined/switcher.svg
sync,sync.svg,outlined,https://wentin.github.io/ant-design-icons/packages/icons-svg/svg/outlined/sync.svg
table,table.svg,outlined,https://wentin.github.io/ant-design-icons/packages/icons-svg/svg/outlined/table.svg
tablet,tablet.svg,outlined,https://wentin.github.io/ant-design-icons/packages/icons-svg/svg/outlined/tablet.svg
tag,tag.svg,outlined,https://wentin.github.io/ant-design-icons/packages/icons-svg/svg/outlined/tag.svg
tags,tags.svg,outlined,https://wentin.github.io/ant-design-icons/packages/icons-svg/svg/outlined/tags.svg
taobao circle,taobao-circle.svg,outlined,https://wentin.github.io/ant-design-icons/packages/icons-svg/svg/outlined/taobao-circle.svg
taobao,taobao.svg,outlined,https://wentin.github.io/ant-design-icons/packages/icons-svg/svg/outlined/taobao.svg
team,team.svg,outlined,https://wentin.github.io/ant-design-icons/packages/icons-svg/svg/outlined/team.svg
thunderbolt,thunderbolt.svg,outlined,https://wentin.github.io/ant-design-icons/packages/icons-svg/svg/outlined/thunderbolt.svg
to top,to-top.svg,outlined,https://wentin.github.io/ant-design-icons/packages/icons-svg/svg/outlined/to-top.svg
tool,tool.svg,outlined,https://wentin.github.io/ant-design-icons/packages/icons-svg/svg/outlined/tool.svg
trademark circle,trademark-circle.svg,outlined,https://wentin.github.io/ant-design-icons/packages/icons-svg/svg/outlined/trademark-circle.svg
trademark,trademark.svg,outlined,https://wentin.github.io/ant-design-icons/packages/icons-svg/svg/outlined/trademark.svg
transaction,transaction.svg,outlined,https://wentin.github.io/ant-design-icons/packages/icons-svg/svg/outlined/transaction.svg
translation,translation.svg,outlined,https://wentin.github.io/ant-design-icons/packages/icons-svg/svg/outlined/translation.svg
trophy,trophy.svg,outlined,https://wentin.github.io/ant-design-icons/packages/icons-svg/svg/outlined/trophy.svg
twitter,twitter.svg,outlined,https://wentin.github.io/ant-design-icons/packages/icons-svg/svg/outlined/twitter.svg
underline,underline.svg,outlined,https://wentin.github.io/ant-design-icons/packages/icons-svg/svg/outlined/underline.svg
undo,undo.svg,outlined,https://wentin.github.io/ant-design-icons/packages/icons-svg/svg/outlined/undo.svg
ungroup,ungroup.svg,outlined,https://wentin.github.io/ant-design-icons/packages/icons-svg/svg/outlined/ungroup.svg
unlock,unlock.svg,outlined,https://wentin.github.io/ant-design-icons/packages/icons-svg/svg/outlined/unlock.svg
unordered list,unordered-list.svg,outlined,https://wentin.github.io/ant-design-icons/packages/icons-svg/svg/outlined/unordered-list.svg
up circle,up-circle.svg,outlined,https://wentin.github.io/ant-design-icons/packages/icons-svg/svg/outlined/up-circle.svg
up square,up-square.svg,outlined,https://wentin.github.io/ant-design-icons/packages/icons-svg/svg/outlined/up-square.svg
up,up.svg,outlined,https://wentin.github.io/ant-design-icons/packages/icons-svg/svg/outlined/up.svg
upload,upload.svg,outlined,https://wentin.github.io/ant-design-icons/packages/icons-svg/svg/outlined/upload.svg
usb,usb.svg,outlined,https://wentin.github.io/ant-design-icons/packages/icons-svg/svg/outlined/usb.svg
user add,user-add.svg,outlined,https://wentin.github.io/ant-design-icons/packages/icons-svg/svg/outlined/user-add.svg
user delete,user-delete.svg,outlined,https://wentin.github.io/ant-design-icons/packages/icons-svg/svg/outlined/user-delete.svg
user switch,user-switch.svg,outlined,https://wentin.github.io/ant-design-icons/packages/icons-svg/svg/outlined/user-switch.svg
user,user.svg,outlined,https://wentin.github.io/ant-design-icons/packages/icons-svg/svg/outlined/user.svg
usergroup add,usergroup-add.svg,outlined,https://wentin.github.io/ant-design-icons/packages/icons-svg/svg/outlined/usergroup-add.svg
usergroup delete,usergroup-delete.svg,outlined,https://wentin.github.io/ant-design-icons/packages/icons-svg/svg/outlined/usergroup-delete.svg
verified,verified.svg,outlined,https://wentin.github.io/ant-design-icons/packages/icons-svg/svg/outlined/verified.svg
vertical align bottom,vertical-align-bottom.svg,outlined,https://wentin.github.io/ant-design-icons/packages/icons-svg/svg/outlined/vertical-align-bottom.svg
vertical align middle,vertical-align-middle.svg,outlined,https://wentin.github.io/ant-design-icons/packages/icons-svg/svg/outlined/vertical-align-middle.svg
vertical align top,vertical-align-top.svg,outlined,https://wentin.github.io/ant-design-icons/packages/icons-svg/svg/outlined/vertical-align-top.svg
vertical left,vertical-left.svg,outlined,https://wentin.github.io/ant-design-icons/packages/icons-svg/svg/outlined/vertical-left.svg
vertical right,vertical-right.svg,outlined,https://wentin.github.io/ant-design-icons/packages/icons-svg/svg/outlined/vertical-right.svg
video camera add,video-camera-add.svg,outlined,https://wentin.github.io/ant-design-icons/packages/icons-svg/svg/outlined/video-camera-add.svg
video camera,video-camera.svg,outlined,https://wentin.github.io/ant-design-icons/packages/icons-svg/svg/outlined/video-camera.svg
wallet,wallet.svg,outlined,https://wentin.github.io/ant-design-icons/packages/icons-svg/svg/outlined/wallet.svg
warning,warning.svg,outlined,https://wentin.github.io/ant-design-icons/packages/icons-svg/svg/outlined/warning.svg
wechat,wechat.svg,outlined,https://wentin.github.io/ant-design-icons/packages/icons-svg/svg/outlined/wechat.svg
weibo circle,weibo-circle.svg,outlined,https://wentin.github.io/ant-design-icons/packages/icons-svg/svg/outlined/weibo-circle.svg
weibo square,weibo-square.svg,outlined,https://wentin.github.io/ant-design-icons/packages/icons-svg/svg/outlined/weibo-square.svg
weibo,weibo.svg,outlined,https://wentin.github.io/ant-design-icons/packages/icons-svg/svg/outlined/weibo.svg
whats app,whats-app.svg,outlined,https://wentin.github.io/ant-design-icons/packages/icons-svg/svg/outlined/whats-app.svg
wifi,wifi.svg,outlined,https://wentin.github.io/ant-design-icons/packages/icons-svg/svg/outlined/wifi.svg
windows,windows.svg,outlined,https://wentin.github.io/ant-design-icons/packages/icons-svg/svg/outlined/windows.svg
woman,woman.svg,outlined,https://wentin.github.io/ant-design-icons/packages/icons-svg/svg/outlined/woman.svg
yahoo,yahoo.svg,outlined,https://wentin.github.io/ant-design-icons/packages/icons-svg/svg/outlined/yahoo.svg
youtube,youtube.svg,outlined,https://wentin.github.io/ant-design-icons/packages/icons-svg/svg/outlined/youtube.svg
yuque,yuque.svg,outlined,https://wentin.github.io/ant-design-icons/packages/icons-svg/svg/outlined/yuque.svg
zhihu,zhihu.svg,outlined,https://wentin.github.io/ant-design-icons/packages/icons-svg/svg/outlined/zhihu.svg
zoom in,zoom-in.svg,outlined,https://wentin.github.io/ant-design-icons/packages/icons-svg/svg/outlined/zoom-in.svg
zoom out,zoom-out.svg,outlined,https://wentin.github.io/ant-design-icons/packages/icons-svg/svg/outlined/zoom-out.svg
account book,account-book.svg,twotone,https://wentin.github.io/ant-design-icons/packages/icons-svg/svg/twotone/account-book.svg
alert,alert.svg,twotone,https://wentin.github.io/ant-design-icons/packages/icons-svg/svg/twotone/alert.svg
api,api.svg,twotone,https://wentin.github.io/ant-design-icons/packages/icons-svg/svg/twotone/api.svg
appstore,appstore.svg,twotone,https://wentin.github.io/ant-design-icons/packages/icons-svg/svg/twotone/appstore.svg
audio,audio.svg,twotone,https://wentin.github.io/ant-design-icons/packages/icons-svg/svg/twotone/audio.svg
bank,bank.svg,twotone,https://wentin.github.io/ant-design-icons/packages/icons-svg/svg/twotone/bank.svg
bell,bell.svg,twotone,https://wentin.github.io/ant-design-icons/packages/icons-svg/svg/twotone/bell.svg
book,book.svg,twotone,https://wentin.github.io/ant-design-icons/packages/icons-svg/svg/twotone/book.svg
box plot,box-plot.svg,twotone,https://wentin.github.io/ant-design-icons/packages/icons-svg/svg/twotone/box-plot.svg
bug,bug.svg,twotone,https://wentin.github.io/ant-design-icons/packages/icons-svg/svg/twotone/bug.svg
build,build.svg,twotone,https://wentin.github.io/ant-design-icons/packages/icons-svg/svg/twotone/build.svg
bulb,bulb.svg,twotone,https://wentin.github.io/ant-design-icons/packages/icons-svg/svg/twotone/bulb.svg
calculator,calculator.svg,twotone,https://wentin.github.io/ant-design-icons/packages/icons-svg/svg/twotone/calculator.svg
calendar,calendar.svg,twotone,https://wentin.github.io/ant-design-icons/packages/icons-svg/svg/twotone/calendar.svg
camera,camera.svg,twotone,https://wentin.github.io/ant-design-icons/packages/icons-svg/svg/twotone/camera.svg
car,car.svg,twotone,https://wentin.github.io/ant-design-icons/packages/icons-svg/svg/twotone/car.svg
carry out,carry-out.svg,twotone,https://wentin.github.io/ant-design-icons/packages/icons-svg/svg/twotone/carry-out.svg
check circle,check-circle.svg,twotone,https://wentin.github.io/ant-design-icons/packages/icons-svg/svg/twotone/check-circle.svg
check square,check-square.svg,twotone,https://wentin.github.io/ant-design-icons/packages/icons-svg/svg/twotone/check-square.svg
ci circle,ci-circle.svg,twotone,https://wentin.github.io/ant-design-icons/packages/icons-svg/svg/twotone/ci-circle.svg
ci,ci.svg,twotone,https://wentin.github.io/ant-design-icons/packages/icons-svg/svg/twotone/ci.svg
clock circle,clock-circle.svg,twotone,https://wentin.github.io/ant-design-icons/packages/icons-svg/svg/twotone/clock-circle.svg
close circle,close-circle.svg,twotone,https://wentin.github.io/ant-design-icons/packages/icons-svg/svg/twotone/close-circle.svg
close square,close-square.svg,twotone,https://wentin.github.io/ant-design-icons/packages/icons-svg/svg/twotone/close-square.svg
cloud,cloud.svg,twotone,https://wentin.github.io/ant-design-icons/packages/icons-svg/svg/twotone/cloud.svg
code,code.svg,twotone,https://wentin.github.io/ant-design-icons/packages/icons-svg/svg/twotone/code.svg
compass,compass.svg,twotone,https://wentin.github.io/ant-design-icons/packages/icons-svg/svg/twotone/compass.svg
contacts,contacts.svg,twotone,https://wentin.github.io/ant-design-icons/packages/icons-svg/svg/twotone/contacts.svg
container,container.svg,twotone,https://wentin.github.io/ant-design-icons/packages/icons-svg/svg/twotone/container.svg
control,control.svg,twotone,https://wentin.github.io/ant-design-icons/packages/icons-svg/svg/twotone/control.svg
copy,copy.svg,twotone,https://wentin.github.io/ant-design-icons/packages/icons-svg/svg/twotone/copy.svg
copyright circle,copyright-circle.svg,twotone,https://wentin.github.io/ant-design-icons/packages/icons-svg/svg/twotone/copyright-circle.svg
copyright,copyright.svg,twotone,https://wentin.github.io/ant-design-icons/packages/icons-svg/svg/twotone/copyright.svg
credit card,credit-card.svg,twotone,https://wentin.github.io/ant-design-icons/packages/icons-svg/svg/twotone/credit-card.svg
crown,crown.svg,twotone,https://wentin.github.io/ant-design-icons/packages/icons-svg/svg/twotone/crown.svg
customer service,customer-service.svg,twotone,https://wentin.github.io/ant-design-icons/packages/icons-svg/svg/twotone/customer-service.svg
dashboard,dashboard.svg,twotone,https://wentin.github.io/ant-design-icons/packages/icons-svg/svg/twotone/dashboard.svg
database,database.svg,twotone,https://wentin.github.io/ant-design-icons/packages/icons-svg/svg/twotone/database.svg
delete,delete.svg,twotone,https://wentin.github.io/ant-design-icons/packages/icons-svg/svg/twotone/delete.svg
diff,diff.svg,twotone,https://wentin.github.io/ant-design-icons/packages/icons-svg/svg/twotone/diff.svg
dislike,dislike.svg,twotone,https://wentin.github.io/ant-design-icons/packages/icons-svg/svg/twotone/dislike.svg
dollar circle,dollar-circle.svg,twotone,https://wentin.github.io/ant-design-icons/packages/icons-svg/svg/twotone/dollar-circle.svg
dollar,dollar.svg,twotone,https://wentin.github.io/ant-design-icons/packages/icons-svg/svg/twotone/dollar.svg
down circle,down-circle.svg,twotone,https://wentin.github.io/ant-design-icons/packages/icons-svg/svg/twotone/down-circle.svg
down square,down-square.svg,twotone,https://wentin.github.io/ant-design-icons/packages/icons-svg/svg/twotone/down-square.svg
edit,edit.svg,twotone,https://wentin.github.io/ant-design-icons/packages/icons-svg/svg/twotone/edit.svg
environment,environment.svg,twotone,https://wentin.github.io/ant-design-icons/packages/icons-svg/svg/twotone/environment.svg
euro circle,euro-circle.svg,twotone,https://wentin.github.io/ant-design-icons/packages/icons-svg/svg/twotone/euro-circle.svg
euro,euro.svg,twotone,https://wentin.github.io/ant-design-icons/packages/icons-svg/svg/twotone/euro.svg
exclamation circle,exclamation-circle.svg,twotone,https://wentin.github.io/ant-design-icons/packages/icons-svg/svg/twotone/exclamation-circle.svg
experiment,experiment.svg,twotone,https://wentin.github.io/ant-design-icons/packages/icons-svg/svg/twotone/experiment.svg
eye invisible,eye-invisible.svg,twotone,https://wentin.github.io/ant-design-icons/packages/icons-svg/svg/twotone/eye-invisible.svg
eye,eye.svg,twotone,https://wentin.github.io/ant-design-icons/packages/icons-svg/svg/twotone/eye.svg
file add,file-add.svg,twotone,https://wentin.github.io/ant-design-icons/packages/icons-svg/svg/twotone/file-add.svg
file excel,file-excel.svg,twotone,https://wentin.github.io/ant-design-icons/packages/icons-svg/svg/twotone/file-excel.svg
file exclamation,file-exclamation.svg,twotone,https://wentin.github.io/ant-design-icons/packages/icons-svg/svg/twotone/file-exclamation.svg
file image,file-image.svg,twotone,https://wentin.github.io/ant-design-icons/packages/icons-svg/svg/twotone/file-image.svg
file markdown,file-markdown.svg,twotone,https://wentin.github.io/ant-design-icons/packages/icons-svg/svg/twotone/file-markdown.svg
file pdf,file-pdf.svg,twotone,https://wentin.github.io/ant-design-icons/packages/icons-svg/svg/twotone/file-pdf.svg
file ppt,file-ppt.svg,twotone,https://wentin.github.io/ant-design-icons/packages/icons-svg/svg/twotone/file-ppt.svg
file text,file-text.svg,twotone,https://wentin.github.io/ant-design-icons/packages/icons-svg/svg/twotone/file-text.svg
file unknown,file-unknown.svg,twotone,https://wentin.github.io/ant-design-icons/packages/icons-svg/svg/twotone/file-unknown.svg
file word,file-word.svg,twotone,https://wentin.github.io/ant-design-icons/packages/icons-svg/svg/twotone/file-word.svg
file zip,file-zip.svg,twotone,https://wentin.github.io/ant-design-icons/packages/icons-svg/svg/twotone/file-zip.svg
file,file.svg,twotone,https://wentin.github.io/ant-design-icons/packages/icons-svg/svg/twotone/file.svg
filter,filter.svg,twotone,https://wentin.github.io/ant-design-icons/packages/icons-svg/svg/twotone/filter.svg
fire,fire.svg,twotone,https://wentin.github.io/ant-design-icons/packages/icons-svg/svg/twotone/fire.svg
flag,flag.svg,twotone,https://wentin.github.io/ant-design-icons/packages/icons-svg/svg/twotone/flag.svg
folder add,folder-add.svg,twotone,https://wentin.github.io/ant-design-icons/packages/icons-svg/svg/twotone/folder-add.svg
folder open,folder-open.svg,twotone,https://wentin.github.io/ant-design-icons/packages/icons-svg/svg/twotone/folder-open.svg
folder,folder.svg,twotone,https://wentin.github.io/ant-design-icons/packages/icons-svg/svg/twotone/folder.svg
frown,frown.svg,twotone,https://wentin.github.io/ant-design-icons/packages/icons-svg/svg/twotone/frown.svg
fund,fund.svg,twotone,https://wentin.github.io/ant-design-icons/packages/icons-svg/svg/twotone/fund.svg
funnel plot,funnel-plot.svg,twotone,https://wentin.github.io/ant-design-icons/packages/icons-svg/svg/twotone/funnel-plot.svg
gift,gift.svg,twotone,https://wentin.github.io/ant-design-icons/packages/icons-svg/svg/twotone/gift.svg
gold,gold.svg,twotone,https://wentin.github.io/ant-design-icons/packages/icons-svg/svg/twotone/gold.svg
hdd,hdd.svg,twotone,https://wentin.github.io/ant-design-icons/packages/icons-svg/svg/twotone/hdd.svg
heart,heart.svg,twotone,https://wentin.github.io/ant-design-icons/packages/icons-svg/svg/twotone/heart.svg
highlight,highlight.svg,twotone,https://wentin.github.io/ant-design-icons/packages/icons-svg/svg/twotone/highlight.svg
home,home.svg,twotone,https://wentin.github.io/ant-design-icons/packages/icons-svg/svg/twotone/home.svg
hourglass,hourglass.svg,twotone,https://wentin.github.io/ant-design-icons/packages/icons-svg/svg/twotone/hourglass.svg
html5,html5.svg,twotone,https://wentin.github.io/ant-design-icons/packages/icons-svg/svg/twotone/html5.svg
idcard,idcard.svg,twotone,https://wentin.github.io/ant-design-icons/packages/icons-svg/svg/twotone/idcard.svg
info circle,info-circle.svg,twotone,https://wentin.github.io/ant-design-icons/packages/icons-svg/svg/twotone/info-circle.svg
insurance,insurance.svg,twotone,https://wentin.github.io/ant-design-icons/packages/icons-svg/svg/twotone/insurance.svg
interaction,interaction.svg,twotone,https://wentin.github.io/ant-design-icons/packages/icons-svg/svg/twotone/interaction.svg
layout,layout.svg,twotone,https://wentin.github.io/ant-design-icons/packages/icons-svg/svg/twotone/layout.svg
left circle,left-circle.svg,twotone,https://wentin.github.io/ant-design-icons/packages/icons-svg/svg/twotone/left-circle.svg
left square,left-square.svg,twotone,https://wentin.github.io/ant-design-icons/packages/icons-svg/svg/twotone/left-square.svg
like,like.svg,twotone,https://wentin.github.io/ant-design-icons/packages/icons-svg/svg/twotone/like.svg
lock,lock.svg,twotone,https://wentin.github.io/ant-design-icons/packages/icons-svg/svg/twotone/lock.svg
mail,mail.svg,twotone,https://wentin.github.io/ant-design-icons/packages/icons-svg/svg/twotone/mail.svg
medicine box,medicine-box.svg,twotone,https://wentin.github.io/ant-design-icons/packages/icons-svg/svg/twotone/medicine-box.svg
meh,meh.svg,twotone,https://wentin.github.io/ant-design-icons/packages/icons-svg/svg/twotone/meh.svg
message,message.svg,twotone,https://wentin.github.io/ant-design-icons/packages/icons-svg/svg/twotone/message.svg
minus circle,minus-circle.svg,twotone,https://wentin.github.io/ant-design-icons/packages/icons-svg/svg/twotone/minus-circle.svg
minus square,minus-square.svg,twotone,https://wentin.github.io/ant-design-icons/packages/icons-svg/svg/twotone/minus-square.svg
mobile,mobile.svg,twotone,https://wentin.github.io/ant-design-icons/packages/icons-svg/svg/twotone/mobile.svg
money collect,money-collect.svg,twotone,https://wentin.github.io/ant-design-icons/packages/icons-svg/svg/twotone/money-collect.svg
notification,notification.svg,twotone,https://wentin.github.io/ant-design-icons/packages/icons-svg/svg/twotone/notification.svg
pause circle,pause-circle.svg,twotone,https://wentin.github.io/ant-design-icons/packages/icons-svg/svg/twotone/pause-circle.svg
phone,phone.svg,twotone,https://wentin.github.io/ant-design-icons/packages/icons-svg/svg/twotone/phone.svg
picture,picture.svg,twotone,https://wentin.github.io/ant-design-icons/packages/icons-svg/svg/twotone/picture.svg
pie chart,pie-chart.svg,twotone,https://wentin.github.io/ant-design-icons/packages/icons-svg/svg/twotone/pie-chart.svg
play circle,play-circle.svg,twotone,https://wentin.github.io/ant-design-icons/packages/icons-svg/svg/twotone/play-circle.svg
play square,play-square.svg,twotone,https://wentin.github.io/ant-design-icons/packages/icons-svg/svg/twotone/play-square.svg
plus circle,plus-circle.svg,twotone,https://wentin.github.io/ant-design-icons/packages/icons-svg/svg/twotone/plus-circle.svg
plus square,plus-square.svg,twotone,https://wentin.github.io/ant-design-icons/packages/icons-svg/svg/twotone/plus-square.svg
pound circle,pound-circle.svg,twotone,https://wentin.github.io/ant-design-icons/packages/icons-svg/svg/twotone/pound-circle.svg
printer,printer.svg,twotone,https://wentin.github.io/ant-design-icons/packages/icons-svg/svg/twotone/printer.svg
profile,profile.svg,twotone,https://wentin.github.io/ant-design-icons/packages/icons-svg/svg/twotone/profile.svg
project,project.svg,twotone,https://wentin.github.io/ant-design-icons/packages/icons-svg/svg/twotone/project.svg
property safety,property-safety.svg,twotone,https://wentin.github.io/ant-design-icons/packages/icons-svg/svg/twotone/property-safety.svg
pushpin,pushpin.svg,twotone,https://wentin.github.io/ant-design-icons/packages/icons-svg/svg/twotone/pushpin.svg
question circle,question-circle.svg,twotone,https://wentin.github.io/ant-design-icons/packages/icons-svg/svg/twotone/question-circle.svg
reconciliation,reconciliation.svg,twotone,https://wentin.github.io/ant-design-icons/packages/icons-svg/svg/twotone/reconciliation.svg
red envelope,red-envelope.svg,twotone,https://wentin.github.io/ant-design-icons/packages/icons-svg/svg/twotone/red-envelope.svg
rest,rest.svg,twotone,https://wentin.github.io/ant-design-icons/packages/icons-svg/svg/twotone/rest.svg
right circle,right-circle.svg,twotone,https://wentin.github.io/ant-design-icons/packages/icons-svg/svg/twotone/right-circle.svg
right square,right-square.svg,twotone,https://wentin.github.io/ant-design-icons/packages/icons-svg/svg/twotone/right-square.svg
rocket,rocket.svg,twotone,https://wentin.github.io/ant-design-icons/packages/icons-svg/svg/twotone/rocket.svg
safety certificate,safety-certificate.svg,twotone,https://wentin.github.io/ant-design-icons/packages/icons-svg/svg/twotone/safety-certificate.svg
save,save.svg,twotone,https://wentin.github.io/ant-design-icons/packages/icons-svg/svg/twotone/save.svg
schedule,schedule.svg,twotone,https://wentin.github.io/ant-design-icons/packages/icons-svg/svg/twotone/schedule.svg
security scan,security-scan.svg,twotone,https://wentin.github.io/ant-design-icons/packages/icons-svg/svg/twotone/security-scan.svg
setting,setting.svg,twotone,https://wentin.github.io/ant-design-icons/packages/icons-svg/svg/twotone/setting.svg
shop,shop.svg,twotone,https://wentin.github.io/ant-design-icons/packages/icons-svg/svg/twotone/shop.svg
shopping,shopping.svg,twotone,https://wentin.github.io/ant-design-icons/packages/icons-svg/svg/twotone/shopping.svg
skin,skin.svg,twotone,https://wentin.github.io/ant-design-icons/packages/icons-svg/svg/twotone/skin.svg
sliders,sliders.svg,twotone,https://wentin.github.io/ant-design-icons/packages/icons-svg/svg/twotone/sliders.svg
smile,smile.svg,twotone,https://wentin.github.io/ant-design-icons/packages/icons-svg/svg/twotone/smile.svg
snippets,snippets.svg,twotone,https://wentin.github.io/ant-design-icons/packages/icons-svg/svg/twotone/snippets.svg
sound,sound.svg,twotone,https://wentin.github.io/ant-design-icons/packages/icons-svg/svg/twotone/sound.svg
star,star.svg,twotone,https://wentin.github.io/ant-design-icons/packages/icons-svg/svg/twotone/star.svg
stop,stop.svg,twotone,https://wentin.github.io/ant-design-icons/packages/icons-svg/svg/twotone/stop.svg
switcher,switcher.svg,twotone,https://wentin.github.io/ant-design-icons/packages/icons-svg/svg/twotone/switcher.svg
tablet,tablet.svg,twotone,https://wentin.github.io/ant-design-icons/packages/icons-svg/svg/twotone/tablet.svg
tag,tag.svg,twotone,https://wentin.github.io/ant-design-icons/packages/icons-svg/svg/twotone/tag.svg
tags,tags.svg,twotone,https://wentin.github.io/ant-design-icons/packages/icons-svg/svg/twotone/tags.svg
thunderbolt,thunderbolt.svg,twotone,https://wentin.github.io/ant-design-icons/packages/icons-svg/svg/twotone/thunderbolt.svg
tool,tool.svg,twotone,https://wentin.github.io/ant-design-icons/packages/icons-svg/svg/twotone/tool.svg
trademark circle,trademark-circle.svg,twotone,https://wentin.github.io/ant-design-icons/packages/icons-svg/svg/twotone/trademark-circle.svg
trophy,trophy.svg,twotone,https://wentin.github.io/ant-design-icons/packages/icons-svg/svg/twotone/trophy.svg
unlock,unlock.svg,twotone,https://wentin.github.io/ant-design-icons/packages/icons-svg/svg/twotone/unlock.svg
up circle,up-circle.svg,twotone,https://wentin.github.io/ant-design-icons/packages/icons-svg/svg/twotone/up-circle.svg
up square,up-square.svg,twotone,https://wentin.github.io/ant-design-icons/packages/icons-svg/svg/twotone/up-square.svg
usb,usb.svg,twotone,https://wentin.github.io/ant-design-icons/packages/icons-svg/svg/twotone/usb.svg
video camera,video-camera.svg,twotone,https://wentin.github.io/ant-design-icons/packages/icons-svg/svg/twotone/video-camera.svg
wallet,wallet.svg,twotone,https://wentin.github.io/ant-design-icons/packages/icons-svg/svg/twotone/wallet.svg
warning,warning.svg,twotone,https://wentin.github.io/ant-design-icons/packages/icons-svg/svg/twotone/warning.svg